CNPJ,RazaoSocial,Trimestre,Ano,ValorDespesas
316458,PENDENTE_ENRIQUECIMENTO,1T,2025,99024.72
316849,PENDENTE_ENRIQUECIMENTO,1T,2025,292907.23
316903,PENDENTE_ENRIQUECIMENTO,1T,2025,25535.0
317144,PENDENTE_ENRIQUECIMENTO,1T,2025,7749710.64
317896,PENDENTE_ENRIQUECIMENTO,1T,2025,298622.88
318213,PENDENTE_ENRIQUECIMENTO,1T,2025,14465742.53
312720,PENDENTE_ENRIQUECIMENTO,1T,2025,76263.74
313084,PENDENTE_ENRIQUECIMENTO,1T,2025,25740.41
314099,PENDENTE_ENRIQUECIMENTO,1T,2025,61220950.79
314251,PENDENTE_ENRIQUECIMENTO,1T,2025,107652.14
314587,PENDENTE_ENRIQUECIMENTO,1T,2025,1476439.76
314781,PENDENTE_ENRIQUECIMENTO,1T,2025,101743.52
315494,PENDENTE_ENRIQUECIMENTO,1T,2025,977764.35
315648,PENDENTE_ENRIQUECIMENTO,1T,2025,14300719.03
315796,PENDENTE_ENRIQUECIMENTO,1T,2025,3994951.57
313211,PENDENTE_ENRIQUECIMENTO,1T,2025,45076325.62
314668,PENDENTE_ENRIQUECIMENTO,1T,2025,1399887.37
315044,PENDENTE_ENRIQUECIMENTO,1T,2025,2463058.39
316997,PENDENTE_ENRIQUECIMENTO,1T,2025,2843.96
318299,PENDENTE_ENRIQUECIMENTO,1T,2025,16185.55
314218,PENDENTE_ENRIQUECIMENTO,1T,2025,12340.67
314366,PENDENTE_ENRIQUECIMENTO,1T,2025,2049958.17
315729,PENDENTE_ENRIQUECIMENTO,1T,2025,1960236.34
318388,PENDENTE_ENRIQUECIMENTO,1T,2025,816249.41
314315,PENDENTE_ENRIQUECIMENTO,1T,2025,596598.18
315567,PENDENTE_ENRIQUECIMENTO,1T,2025,185749.03
316873,PENDENTE_ENRIQUECIMENTO,1T,2025,3064382.53
317012,PENDENTE_ENRIQUECIMENTO,1T,2025,1327027.81
313475,PENDENTE_ENRIQUECIMENTO,1T,2025,57975.57
318035,PENDENTE_ENRIQUECIMENTO,1T,2025,1667259.28
312851,PENDENTE_ENRIQUECIMENTO,1T,2025,13140738.34
315265,PENDENTE_ENRIQUECIMENTO,1T,2025,432632.71
316148,PENDENTE_ENRIQUECIMENTO,1T,2025,566336.21
314706,PENDENTE_ENRIQUECIMENTO,1T,2025,168090.0
323268,PENDENTE_ENRIQUECIMENTO,1T,2025,110942.52
323942,PENDENTE_ENRIQUECIMENTO,1T,2025,15804.77
324159,PENDENTE_ENRIQUECIMENTO,1T,2025,632625.33
318477,PENDENTE_ENRIQUECIMENTO,1T,2025,118100.46
319121,PENDENTE_ENRIQUECIMENTO,1T,2025,32842.42
319422,PENDENTE_ENRIQUECIMENTO,1T,2025,4279324.94
319708,PENDENTE_ENRIQUECIMENTO,1T,2025,564756.01
320862,PENDENTE_ENRIQUECIMENTO,1T,2025,409460.34
321273,PENDENTE_ENRIQUECIMENTO,1T,2025,168574489.9
322326,PENDENTE_ENRIQUECIMENTO,1T,2025,132298.24
322831,PENDENTE_ENRIQUECIMENTO,1T,2025,126660.11
323055,PENDENTE_ENRIQUECIMENTO,1T,2025,19425314.07
323357,PENDENTE_ENRIQUECIMENTO,1T,2025,162422.79
324175,PENDENTE_ENRIQUECIMENTO,1T,2025,506590.39
324299,PENDENTE_ENRIQUECIMENTO,1T,2025,255710.85
319996,PENDENTE_ENRIQUECIMENTO,1T,2025,426191238.63
320706,PENDENTE_ENRIQUECIMENTO,1T,2025,135245665.49
319180,PENDENTE_ENRIQUECIMENTO,1T,2025,1464241.64
321044,PENDENTE_ENRIQUECIMENTO,1T,2025,324515607.81
323993,PENDENTE_ENRIQUECIMENTO,1T,2025,189632.51
321320,PENDENTE_ENRIQUECIMENTO,1T,2025,36135.44
322890,PENDENTE_ENRIQUECIMENTO,1T,2025,6808.84
323080,PENDENTE_ENRIQUECIMENTO,1T,2025,37007700.33
318566,PENDENTE_ENRIQUECIMENTO,1T,2025,478202.48
322571,PENDENTE_ENRIQUECIMENTO,1T,2025,4220846.39
320251,PENDENTE_ENRIQUECIMENTO,1T,2025,5767974.4
321087,PENDENTE_ENRIQUECIMENTO,1T,2025,6800.2
320897,PENDENTE_ENRIQUECIMENTO,1T,2025,774382.54
321338,PENDENTE_ENRIQUECIMENTO,1T,2025,10722739.11
323926,PENDENTE_ENRIQUECIMENTO,1T,2025,457570.01
319384,PENDENTE_ENRIQUECIMENTO,1T,2025,1801580.4
320820,PENDENTE_ENRIQUECIMENTO,1T,2025,151393.39
321931,PENDENTE_ENRIQUECIMENTO,1T,2025,220619.41
323004,PENDENTE_ENRIQUECIMENTO,1T,2025,219723.66
313149,PENDENTE_ENRIQUECIMENTO,1T,2025,218263.66
316881,PENDENTE_ENRIQUECIMENTO,1T,2025,4256887.31
317233,PENDENTE_ENRIQUECIMENTO,1T,2025,785704.16
313751,PENDENTE_ENRIQUECIMENTO,1T,2025,2722206.06
315583,PENDENTE_ENRIQUECIMENTO,1T,2025,2196071.6
314242,PENDENTE_ENRIQUECIMENTO,1T,2025,573021.35
317632,PENDENTE_ENRIQUECIMENTO,1T,2025,181981.55
315478,PENDENTE_ENRIQUECIMENTO,1T,2025,867343.78
335657,PENDENTE_ENRIQUECIMENTO,1T,2025,11948.82
335690,PENDENTE_ENRIQUECIMENTO,1T,2025,33720979.64
335789,PENDENTE_ENRIQUECIMENTO,1T,2025,8736015.18
336106,PENDENTE_ENRIQUECIMENTO,1T,2025,692073.81
336467,PENDENTE_ENRIQUECIMENTO,1T,2025,110084.47
336858,PENDENTE_ENRIQUECIMENTO,1T,2025,337367.98
337188,PENDENTE_ENRIQUECIMENTO,1T,2025,7989666.13
331872,PENDENTE_ENRIQUECIMENTO,1T,2025,7543282.94
333051,PENDENTE_ENRIQUECIMENTO,1T,2025,2932377.41
333662,PENDENTE_ENRIQUECIMENTO,1T,2025,15167.27
333875,PENDENTE_ENRIQUECIMENTO,1T,2025,1191.42
334511,PENDENTE_ENRIQUECIMENTO,1T,2025,1859052.11
334847,PENDENTE_ENRIQUECIMENTO,1T,2025,38811.55
335517,PENDENTE_ENRIQUECIMENTO,1T,2025,498105.26
335592,PENDENTE_ENRIQUECIMENTO,1T,2025,5038320.56
337498,PENDENTE_ENRIQUECIMENTO,1T,2025,23253266.63
333239,PENDENTE_ENRIQUECIMENTO,1T,2025,529789.96
333689,PENDENTE_ENRIQUECIMENTO,1T,2025,425343.94
334154,PENDENTE_ENRIQUECIMENTO,1T,2025,597587.5
335100,PENDENTE_ENRIQUECIMENTO,1T,2025,27335201.81
335215,PENDENTE_ENRIQUECIMENTO,1T,2025,38242321.44
337561,PENDENTE_ENRIQUECIMENTO,1T,2025,4811.79
334561,PENDENTE_ENRIQUECIMENTO,1T,2025,17755126.73
335614,PENDENTE_ENRIQUECIMENTO,1T,2025,513292405.9
336017,PENDENTE_ENRIQUECIMENTO,1T,2025,5013.27
336831,PENDENTE_ENRIQUECIMENTO,1T,2025,116398.19
337668,PENDENTE_ENRIQUECIMENTO,1T,2025,3615341.11
333808,PENDENTE_ENRIQUECIMENTO,1T,2025,2505.58
335258,PENDENTE_ENRIQUECIMENTO,1T,2025,56672.69
335541,PENDENTE_ENRIQUECIMENTO,1T,2025,1392535.79
337374,PENDENTE_ENRIQUECIMENTO,1T,2025,2309171.58
331988,PENDENTE_ENRIQUECIMENTO,1T,2025,6573559.52
333867,PENDENTE_ENRIQUECIMENTO,1T,2025,550228.39
335479,PENDENTE_ENRIQUECIMENTO,1T,2025,941819.42
331651,PENDENTE_ENRIQUECIMENTO,1T,2025,28638568.33
334243,PENDENTE_ENRIQUECIMENTO,1T,2025,477.76
335754,PENDENTE_ENRIQUECIMENTO,1T,2025,492811.95
343153,PENDENTE_ENRIQUECIMENTO,1T,2025,2135090.9
343404,PENDENTE_ENRIQUECIMENTO,1T,2025,1364399.45
343684,PENDENTE_ENRIQUECIMENTO,1T,2025,214650.35
343889,PENDENTE_ENRIQUECIMENTO,1T,2025,622.82
338648,PENDENTE_ENRIQUECIMENTO,1T,2025,8950.97
339679,PENDENTE_ENRIQUECIMENTO,1T,2025,37325420.41
340952,PENDENTE_ENRIQUECIMENTO,1T,2025,24679.56
342033,PENDENTE_ENRIQUECIMENTO,1T,2025,5899547.9
342084,PENDENTE_ENRIQUECIMENTO,1T,2025,72739.69
342203,PENDENTE_ENRIQUECIMENTO,1T,2025,22121.09
342556,PENDENTE_ENRIQUECIMENTO,1T,2025,268281.71
342955,PENDENTE_ENRIQUECIMENTO,1T,2025,107683.04
343269,PENDENTE_ENRIQUECIMENTO,1T,2025,8808575.95
343722,PENDENTE_ENRIQUECIMENTO,1T,2025,34339.83
343765,PENDENTE_ENRIQUECIMENTO,1T,2025,44010.62
342131,PENDENTE_ENRIQUECIMENTO,1T,2025,218011.05
342343,PENDENTE_ENRIQUECIMENTO,1T,2025,190934.18
343463,PENDENTE_ENRIQUECIMENTO,1T,2025,1478651.89
344141,PENDENTE_ENRIQUECIMENTO,1T,2025,2109882.23
337871,PENDENTE_ENRIQUECIMENTO,1T,2025,127064.7
340251,PENDENTE_ENRIQUECIMENTO,1T,2025,21272928.93
343056,PENDENTE_ENRIQUECIMENTO,1T,2025,64238.16
344184,PENDENTE_ENRIQUECIMENTO,1T,2025,1178718.76
339954,PENDENTE_ENRIQUECIMENTO,1T,2025,11411473.41
343676,PENDENTE_ENRIQUECIMENTO,1T,2025,378314.8
344362,PENDENTE_ENRIQUECIMENTO,1T,2025,848355.65
339458,PENDENTE_ENRIQUECIMENTO,1T,2025,371543.52
341819,PENDENTE_ENRIQUECIMENTO,1T,2025,1098.9
342611,PENDENTE_ENRIQUECIMENTO,1T,2025,7742953.71
340782,PENDENTE_ENRIQUECIMENTO,1T,2025,3344218.16
343064,PENDENTE_ENRIQUECIMENTO,1T,2025,629506.48
342157,PENDENTE_ENRIQUECIMENTO,1T,2025,102001.19
324213,PENDENTE_ENRIQUECIMENTO,1T,2025,254601.11
319872,PENDENTE_ENRIQUECIMENTO,1T,2025,1496755.94
320838,PENDENTE_ENRIQUECIMENTO,1T,2025,28357.76
321125,PENDENTE_ENRIQUECIMENTO,1T,2025,1513118.46
321958,PENDENTE_ENRIQUECIMENTO,1T,2025,167582.9
000477,PENDENTE_ENRIQUECIMENTO,1T,2025,14344.42
000582,PENDENTE_ENRIQUECIMENTO,1T,2025,2005935.45
000884,PENDENTE_ENRIQUECIMENTO,1T,2025,70926356.61
000701,PENDENTE_ENRIQUECIMENTO,1T,2025,2358832.86
005711,PENDENTE_ENRIQUECIMENTO,1T,2025,227309708.58
000515,PENDENTE_ENRIQUECIMENTO,1T,2025,6821.1
328537,PENDENTE_ENRIQUECIMENTO,1T,2025,1437186.17
329339,PENDENTE_ENRIQUECIMENTO,1T,2025,9612000.48
329886,PENDENTE_ENRIQUECIMENTO,1T,2025,364848.19
330116,PENDENTE_ENRIQUECIMENTO,1T,2025,12591.91
330264,PENDENTE_ENRIQUECIMENTO,1T,2025,708877.52
330566,PENDENTE_ENRIQUECIMENTO,1T,2025,170734.16
330809,PENDENTE_ENRIQUECIMENTO,1T,2025,2240.81
331341,PENDENTE_ENRIQUECIMENTO,1T,2025,1635732.91
324493,PENDENTE_ENRIQUECIMENTO,1T,2025,244770.52
325031,PENDENTE_ENRIQUECIMENTO,1T,2025,727754.97
325465,PENDENTE_ENRIQUECIMENTO,1T,2025,11239233.02
326305,PENDENTE_ENRIQUECIMENTO,1T,2025,22822823.47
326755,PENDENTE_ENRIQUECIMENTO,1T,2025,7058427.49
327352,PENDENTE_ENRIQUECIMENTO,1T,2025,184738.27
327468,PENDENTE_ENRIQUECIMENTO,1T,2025,197855.35
327689,PENDENTE_ENRIQUECIMENTO,1T,2025,1059355.29
328308,PENDENTE_ENRIQUECIMENTO,1T,2025,91303.8
324345,PENDENTE_ENRIQUECIMENTO,1T,2025,1156491.3
330892,PENDENTE_ENRIQUECIMENTO,1T,2025,5108.07
325571,PENDENTE_ENRIQUECIMENTO,1T,2025,1550712.73
330108,PENDENTE_ENRIQUECIMENTO,1T,2025,781456.55
324523,PENDENTE_ENRIQUECIMENTO,1T,2025,30752.71
325082,PENDENTE_ENRIQUECIMENTO,1T,2025,4000.0
327557,PENDENTE_ENRIQUECIMENTO,1T,2025,943910.99
325236,PENDENTE_ENRIQUECIMENTO,1T,2025,30795470.45
328031,PENDENTE_ENRIQUECIMENTO,1T,2025,204079.78
328375,PENDENTE_ENRIQUECIMENTO,1T,2025,77301.61
330281,PENDENTE_ENRIQUECIMENTO,1T,2025,28232.71
324566,PENDENTE_ENRIQUECIMENTO,1T,2025,968525.65
326861,PENDENTE_ENRIQUECIMENTO,1T,2025,614788.73
331104,PENDENTE_ENRIQUECIMENTO,1T,2025,8503.78
324361,PENDENTE_ENRIQUECIMENTO,1T,2025,1629075.86
328294,PENDENTE_ENRIQUECIMENTO,1T,2025,1196360.39
417599,PENDENTE_ENRIQUECIMENTO,1T,2025,396824.57
417696,PENDENTE_ENRIQUECIMENTO,1T,2025,135814.23
417947,PENDENTE_ENRIQUECIMENTO,1T,2025,2825178.32
418072,PENDENTE_ENRIQUECIMENTO,1T,2025,569046.18
415936,PENDENTE_ENRIQUECIMENTO,1T,2025,1417.8
415944,PENDENTE_ENRIQUECIMENTO,1T,2025,3132.44
416401,PENDENTE_ENRIQUECIMENTO,1T,2025,3582.78
416495,PENDENTE_ENRIQUECIMENTO,1T,2025,263923.75
416738,PENDENTE_ENRIQUECIMENTO,1T,2025,928412.08
417106,PENDENTE_ENRIQUECIMENTO,1T,2025,52418.28
417211,PENDENTE_ENRIQUECIMENTO,1T,2025,18207215.24
417491,PENDENTE_ENRIQUECIMENTO,1T,2025,21619.4
417718,PENDENTE_ENRIQUECIMENTO,1T,2025,90790.57
418129,PENDENTE_ENRIQUECIMENTO,1T,2025,8250.03
416525,PENDENTE_ENRIQUECIMENTO,1T,2025,772298.31
417220,PENDENTE_ENRIQUECIMENTO,1T,2025,35259.84
417424,PENDENTE_ENRIQUECIMENTO,1T,2025,68603.05
417611,PENDENTE_ENRIQUECIMENTO,1T,2025,23567.76
418137,PENDENTE_ENRIQUECIMENTO,1T,2025,2877325.0
417505,PENDENTE_ENRIQUECIMENTO,1T,2025,7934541.08
417602,PENDENTE_ENRIQUECIMENTO,1T,2025,732480.01
417955,PENDENTE_ENRIQUECIMENTO,1T,2025,6329.96
416410,PENDENTE_ENRIQUECIMENTO,1T,2025,3387.02
416789,PENDENTE_ENRIQUECIMENTO,1T,2025,24230.99
417289,PENDENTE_ENRIQUECIMENTO,1T,2025,2531336.27
416568,PENDENTE_ENRIQUECIMENTO,1T,2025,8943908.34
417122,PENDENTE_ENRIQUECIMENTO,1T,2025,1141805.04
417751,PENDENTE_ENRIQUECIMENTO,1T,2025,30224.39
415987,PENDENTE_ENRIQUECIMENTO,1T,2025,97486.5
416428,PENDENTE_ENRIQUECIMENTO,1T,2025,20419.33
417131,PENDENTE_ENRIQUECIMENTO,1T,2025,129531.93
417459,PENDENTE_ENRIQUECIMENTO,1T,2025,7022720.77
417815,PENDENTE_ENRIQUECIMENTO,1T,2025,111222.7
416801,PENDENTE_ENRIQUECIMENTO,1T,2025,1304.18
417297,PENDENTE_ENRIQUECIMENTO,1T,2025,719532.98
417475,PENDENTE_ENRIQUECIMENTO,1T,2025,194385.26
417530,PENDENTE_ENRIQUECIMENTO,1T,2025,162168.4
418021,PENDENTE_ENRIQUECIMENTO,1T,2025,43206.44
416398,PENDENTE_ENRIQUECIMENTO,1T,2025,3876.16
416584,PENDENTE_ENRIQUECIMENTO,1T,2025,898969.52
415910,PENDENTE_ENRIQUECIMENTO,1T,2025,570.69
417165,PENDENTE_ENRIQUECIMENTO,1T,2025,255851.46
417661,PENDENTE_ENRIQUECIMENTO,1T,2025,41476.67
417173,PENDENTE_ENRIQUECIMENTO,1T,2025,4143697.12
417548,PENDENTE_ENRIQUECIMENTO,1T,2025,1751182.24
416690,PENDENTE_ENRIQUECIMENTO,1T,2025,985370.24
417050,PENDENTE_ENRIQUECIMENTO,1T,2025,5066062.8
417301,PENDENTE_ENRIQUECIMENTO,1T,2025,907395.98
417831,PENDENTE_ENRIQUECIMENTO,1T,2025,28749.97
418030,PENDENTE_ENRIQUECIMENTO,1T,2025,596480.53
417092,PENDENTE_ENRIQUECIMENTO,1T,2025,348019.32
419281,PENDENTE_ENRIQUECIMENTO,1T,2025,5203518.17
419419,PENDENTE_ENRIQUECIMENTO,1T,2025,16345893.11
419524,PENDENTE_ENRIQUECIMENTO,1T,2025,195502.52
419753,PENDENTE_ENRIQUECIMENTO,1T,2025,5841718.32
418170,PENDENTE_ENRIQUECIMENTO,1T,2025,50878.46
418374,PENDENTE_ENRIQUECIMENTO,1T,2025,99117.9
418501,PENDENTE_ENRIQUECIMENTO,1T,2025,67442.79
418595,PENDENTE_ENRIQUECIMENTO,1T,2025,9179.45
418749,PENDENTE_ENRIQUECIMENTO,1T,2025,17113.5
418803,PENDENTE_ENRIQUECIMENTO,1T,2025,1223746.8
418960,PENDENTE_ENRIQUECIMENTO,1T,2025,11519165.0
419052,PENDENTE_ENRIQUECIMENTO,1T,2025,235.71
419141,PENDENTE_ENRIQUECIMENTO,1T,2025,152239.73
418196,PENDENTE_ENRIQUECIMENTO,1T,2025,12822.75
418218,PENDENTE_ENRIQUECIMENTO,1T,2025,114758.73
418617,PENDENTE_ENRIQUECIMENTO,1T,2025,14762.44
419851,PENDENTE_ENRIQUECIMENTO,1T,2025,2430.16
418986,PENDENTE_ENRIQUECIMENTO,1T,2025,111322.13
419079,PENDENTE_ENRIQUECIMENTO,1T,2025,669516.29
419150,PENDENTE_ENRIQUECIMENTO,1T,2025,17752.23
419427,PENDENTE_ENRIQUECIMENTO,1T,2025,581606.5
419567,PENDENTE_ENRIQUECIMENTO,1T,2025,14170.08
419907,PENDENTE_ENRIQUECIMENTO,1T,2025,81827.59
418161,PENDENTE_ENRIQUECIMENTO,1T,2025,16841.35
418650,PENDENTE_ENRIQUECIMENTO,1T,2025,12737291.4
419010,PENDENTE_ENRIQUECIMENTO,1T,2025,107359860.32
419290,PENDENTE_ENRIQUECIMENTO,1T,2025,107599.5
419958,PENDENTE_ENRIQUECIMENTO,1T,2025,341890.75
418226,PENDENTE_ENRIQUECIMENTO,1T,2025,14242.87
419869,PENDENTE_ENRIQUECIMENTO,1T,2025,1280939.34
418528,PENDENTE_ENRIQUECIMENTO,1T,2025,7816484.71
418692,PENDENTE_ENRIQUECIMENTO,1T,2025,2682.55
418994,PENDENTE_ENRIQUECIMENTO,1T,2025,84043.36
419095,PENDENTE_ENRIQUECIMENTO,1T,2025,4905.77
419249,PENDENTE_ENRIQUECIMENTO,1T,2025,5033326.83
419443,PENDENTE_ENRIQUECIMENTO,1T,2025,9467013.92
419591,PENDENTE_ENRIQUECIMENTO,1T,2025,5312.16
418536,PENDENTE_ENRIQUECIMENTO,1T,2025,24295.75
418552,PENDENTE_ENRIQUECIMENTO,1T,2025,61440.38
418820,PENDENTE_ENRIQUECIMENTO,1T,2025,5859.44
419257,PENDENTE_ENRIQUECIMENTO,1T,2025,838890.69
419354,PENDENTE_ENRIQUECIMENTO,1T,2025,885408.64
419486,PENDENTE_ENRIQUECIMENTO,1T,2025,1696196.41
418285,PENDENTE_ENRIQUECIMENTO,1T,2025,494219.84
418706,PENDENTE_ENRIQUECIMENTO,1T,2025,159742.4
419125,PENDENTE_ENRIQUECIMENTO,1T,2025,13008.45
418731,PENDENTE_ENRIQUECIMENTO,1T,2025,61288.52
419133,PENDENTE_ENRIQUECIMENTO,1T,2025,31092730.98
419389,PENDENTE_ENRIQUECIMENTO,1T,2025,50143.91
419699,PENDENTE_ENRIQUECIMENTO,1T,2025,619581.08
418919,PENDENTE_ENRIQUECIMENTO,1T,2025,1920305.96
418587,PENDENTE_ENRIQUECIMENTO,1T,2025,226651.09
419028,PENDENTE_ENRIQUECIMENTO,1T,2025,35522.1
419516,PENDENTE_ENRIQUECIMENTO,1T,2025,41064.44
414662,PENDENTE_ENRIQUECIMENTO,1T,2025,55192.0
414930,PENDENTE_ENRIQUECIMENTO,1T,2025,44662.72
415014,PENDENTE_ENRIQUECIMENTO,1T,2025,622218.05
415111,PENDENTE_ENRIQUECIMENTO,1T,2025,3463313.18
415243,PENDENTE_ENRIQUECIMENTO,1T,2025,770.39
415901,PENDENTE_ENRIQUECIMENTO,1T,2025,95926.54
412252,PENDENTE_ENRIQUECIMENTO,1T,2025,109559.04
412996,PENDENTE_ENRIQUECIMENTO,1T,2025,7689.41
413160,PENDENTE_ENRIQUECIMENTO,1T,2025,142927.33
413372,PENDENTE_ENRIQUECIMENTO,1T,2025,819498.92
413721,PENDENTE_ENRIQUECIMENTO,1T,2025,12605.36
414310,PENDENTE_ENRIQUECIMENTO,1T,2025,690.15
414573,PENDENTE_ENRIQUECIMENTO,1T,2025,73256.28
411256,PENDENTE_ENRIQUECIMENTO,1T,2025,13296905.42
411752,PENDENTE_ENRIQUECIMENTO,1T,2025,107374.84
413747,PENDENTE_ENRIQUECIMENTO,1T,2025,2319007.25
414352,PENDENTE_ENRIQUECIMENTO,1T,2025,12736.2
414689,PENDENTE_ENRIQUECIMENTO,1T,2025,5333.09
413283,PENDENTE_ENRIQUECIMENTO,1T,2025,4612335.76
413429,PENDENTE_ENRIQUECIMENTO,1T,2025,1569532.78
415626,PENDENTE_ENRIQUECIMENTO,1T,2025,107189.28
411809,PENDENTE_ENRIQUECIMENTO,1T,2025,666279.26
412295,PENDENTE_ENRIQUECIMENTO,1T,2025,45514.38
414026,PENDENTE_ENRIQUECIMENTO,1T,2025,9745.89
413267,PENDENTE_ENRIQUECIMENTO,1T,2025,6083.23
413518,PENDENTE_ENRIQUECIMENTO,1T,2025,143593.83
414581,PENDENTE_ENRIQUECIMENTO,1T,2025,388879.76
414701,PENDENTE_ENRIQUECIMENTO,1T,2025,313839.19
411868,PENDENTE_ENRIQUECIMENTO,1T,2025,14785.47
414387,PENDENTE_ENRIQUECIMENTO,1T,2025,2599.95
412635,PENDENTE_ENRIQUECIMENTO,1T,2025,166665.39
415065,PENDENTE_ENRIQUECIMENTO,1T,2025,19883.78
408263,PENDENTE_ENRIQUECIMENTO,1T,2025,181.96
408794,PENDENTE_ENRIQUECIMENTO,1T,2025,8846476.87
409405,PENDENTE_ENRIQUECIMENTO,1T,2025,390935.65
410128,PENDENTE_ENRIQUECIMENTO,1T,2025,520929.07
410888,PENDENTE_ENRIQUECIMENTO,1T,2025,83049.87
411248,PENDENTE_ENRIQUECIMENTO,1T,2025,104673.43
385697,PENDENTE_ENRIQUECIMENTO,1T,2025,51014.18
386596,PENDENTE_ENRIQUECIMENTO,1T,2025,877677.84
393533,PENDENTE_ENRIQUECIMENTO,1T,2025,2262179.09
397245,PENDENTE_ENRIQUECIMENTO,1T,2025,845644.61
402001,PENDENTE_ENRIQUECIMENTO,1T,2025,18463.05
406481,PENDENTE_ENRIQUECIMENTO,1T,2025,62463404.81
406813,PENDENTE_ENRIQUECIMENTO,1T,2025,21402.27
406937,PENDENTE_ENRIQUECIMENTO,1T,2025,147710.73
407534,PENDENTE_ENRIQUECIMENTO,1T,2025,566638.15
408522,PENDENTE_ENRIQUECIMENTO,1T,2025,126247.84
386901,PENDENTE_ENRIQUECIMENTO,1T,2025,33349.79
389854,PENDENTE_ENRIQUECIMENTO,1T,2025,106070.1
402206,PENDENTE_ENRIQUECIMENTO,1T,2025,2336.45
407569,PENDENTE_ENRIQUECIMENTO,1T,2025,7464.56
409413,PENDENTE_ENRIQUECIMENTO,1T,2025,1047.17
394734,PENDENTE_ENRIQUECIMENTO,1T,2025,18467837.74
401081,PENDENTE_ENRIQUECIMENTO,1T,2025,107814.1
406554,PENDENTE_ENRIQUECIMENTO,1T,2025,893844.35
410292,PENDENTE_ENRIQUECIMENTO,1T,2025,19636.27
390259,PENDENTE_ENRIQUECIMENTO,1T,2025,95396.18
402966,PENDENTE_ENRIQUECIMENTO,1T,2025,12284077.28
406945,PENDENTE_ENRIQUECIMENTO,1T,2025,699592.48
409634,PENDENTE_ENRIQUECIMENTO,1T,2025,1027.94
386588,PENDENTE_ENRIQUECIMENTO,1T,2025,2824427.21
410608,PENDENTE_ENRIQUECIMENTO,1T,2025,416348.68
387185,PENDENTE_ENRIQUECIMENTO,1T,2025,5640.83
392804,PENDENTE_ENRIQUECIMENTO,1T,2025,523251.29
408026,PENDENTE_ENRIQUECIMENTO,1T,2025,140465.36
401480,PENDENTE_ENRIQUECIMENTO,1T,2025,47290.28
403962,PENDENTE_ENRIQUECIMENTO,1T,2025,1495.0
406635,PENDENTE_ENRIQUECIMENTO,1T,2025,278661.28
409243,PENDENTE_ENRIQUECIMENTO,1T,2025,1250907.41
388092,PENDENTE_ENRIQUECIMENTO,1T,2025,522923.33
409791,PENDENTE_ENRIQUECIMENTO,1T,2025,101121.0
385620,PENDENTE_ENRIQUECIMENTO,1T,2025,229205.29
407011,PENDENTE_ENRIQUECIMENTO,1T,2025,439.62
408034,PENDENTE_ENRIQUECIMENTO,1T,2025,227454.23
410624,PENDENTE_ENRIQUECIMENTO,1T,2025,38073.41
406805,PENDENTE_ENRIQUECIMENTO,1T,2025,6442.57
395480,PENDENTE_ENRIQUECIMENTO,1T,2025,12735992.61
404241,PENDENTE_ENRIQUECIMENTO,1T,2025,17981.5
409286,PENDENTE_ENRIQUECIMENTO,1T,2025,78676.84
410110,PENDENTE_ENRIQUECIMENTO,1T,2025,670434.78
408093,PENDENTE_ENRIQUECIMENTO,1T,2025,31084.35
389358,PENDENTE_ENRIQUECIMENTO,1T,2025,265047.45
407224,PENDENTE_ENRIQUECIMENTO,1T,2025,1879195.03
414905,PENDENTE_ENRIQUECIMENTO,1T,2025,3095985.19
415693,PENDENTE_ENRIQUECIMENTO,1T,2025,79832.16
413534,PENDENTE_ENRIQUECIMENTO,1T,2025,763567.74
414204,PENDENTE_ENRIQUECIMENTO,1T,2025,5920674.93
415081,PENDENTE_ENRIQUECIMENTO,1T,2025,61725.43
414212,PENDENTE_ENRIQUECIMENTO,1T,2025,587745.54
414492,PENDENTE_ENRIQUECIMENTO,1T,2025,630078.68
414654,PENDENTE_ENRIQUECIMENTO,1T,2025,35978.64
411582,PENDENTE_ENRIQUECIMENTO,1T,2025,54443.32
412015,PENDENTE_ENRIQUECIMENTO,1T,2025,295706.94
412759,PENDENTE_ENRIQUECIMENTO,1T,2025,5383803.63
413330,PENDENTE_ENRIQUECIMENTO,1T,2025,2632.0
415774,PENDENTE_ENRIQUECIMENTO,1T,2025,950523.05
412058,PENDENTE_ENRIQUECIMENTO,1T,2025,88591.09
353663,PENDENTE_ENRIQUECIMENTO,1T,2025,113136380.57
353876,PENDENTE_ENRIQUECIMENTO,1T,2025,13598455.18
354066,PENDENTE_ENRIQUECIMENTO,1T,2025,121312863.79
354295,PENDENTE_ENRIQUECIMENTO,1T,2025,297693.74
354511,PENDENTE_ENRIQUECIMENTO,1T,2025,41510122.54
350346,PENDENTE_ENRIQUECIMENTO,1T,2025,551216.23
350494,PENDENTE_ENRIQUECIMENTO,1T,2025,132271.02
350648,PENDENTE_ENRIQUECIMENTO,1T,2025,310572.3
350699,PENDENTE_ENRIQUECIMENTO,1T,2025,2323594.95
351270,PENDENTE_ENRIQUECIMENTO,1T,2025,35181.78
351407,PENDENTE_ENRIQUECIMENTO,1T,2025,2711805.11
351792,PENDENTE_ENRIQUECIMENTO,1T,2025,26482179.29
352314,PENDENTE_ENRIQUECIMENTO,1T,2025,469138.3
352501,PENDENTE_ENRIQUECIMENTO,1T,2025,48565061.86
352543,PENDENTE_ENRIQUECIMENTO,1T,2025,47306059.18
352683,PENDENTE_ENRIQUECIMENTO,1T,2025,932018.85
353060,PENDENTE_ENRIQUECIMENTO,1T,2025,3852414.22
350770,PENDENTE_ENRIQUECIMENTO,1T,2025,832.76
353027,PENDENTE_ENRIQUECIMENTO,1T,2025,465235.76
354562,PENDENTE_ENRIQUECIMENTO,1T,2025,93955576.97
353698,PENDENTE_ENRIQUECIMENTO,1T,2025,102641.15
354031,PENDENTE_ENRIQUECIMENTO,1T,2025,2576269.61
354279,PENDENTE_ENRIQUECIMENTO,1T,2025,852500.8
354619,PENDENTE_ENRIQUECIMENTO,1T,2025,31851.13
352179,PENDENTE_ENRIQUECIMENTO,1T,2025,162880.43
353264,PENDENTE_ENRIQUECIMENTO,1T,2025,5396.84
351776,PENDENTE_ENRIQUECIMENTO,1T,2025,13010589.04
352331,PENDENTE_ENRIQUECIMENTO,1T,2025,1440215.77
352519,PENDENTE_ENRIQUECIMENTO,1T,2025,336743.3
351202,PENDENTE_ENRIQUECIMENTO,1T,2025,2078181.9
352586,PENDENTE_ENRIQUECIMENTO,1T,2025,13572783.3
350371,PENDENTE_ENRIQUECIMENTO,1T,2025,1780406.64
353353,PENDENTE_ENRIQUECIMENTO,1T,2025,476568.27
354325,PENDENTE_ENRIQUECIMENTO,1T,2025,1417566.91
327638,PENDENTE_ENRIQUECIMENTO,1T,2025,32508.6
326500,PENDENTE_ENRIQUECIMENTO,1T,2025,152851.47
329355,PENDENTE_ENRIQUECIMENTO,1T,2025,13105.16
331317,PENDENTE_ENRIQUECIMENTO,1T,2025,342079.26
327417,PENDENTE_ENRIQUECIMENTO,1T,2025,2272042.58
327328,PENDENTE_ENRIQUECIMENTO,1T,2025,8220.53
324477,PENDENTE_ENRIQUECIMENTO,1T,2025,2530146.07
350141,PENDENTE_ENRIQUECIMENTO,1T,2025,680449.57
350249,PENDENTE_ENRIQUECIMENTO,1T,2025,1790677.8
304131,PENDENTE_ENRIQUECIMENTO,1T,2025,30838972.23
304395,PENDENTE_ENRIQUECIMENTO,1T,2025,34480578.46
304484,PENDENTE_ENRIQUECIMENTO,1T,2025,44728792.03
304701,PENDENTE_ENRIQUECIMENTO,1T,2025,3104734.08
304883,PENDENTE_ENRIQUECIMENTO,1T,2025,1132565.85
305421,PENDENTE_ENRIQUECIMENTO,1T,2025,2010880.51
006246,PENDENTE_ENRIQUECIMENTO,1T,2025,7592683303.83
300713,PENDENTE_ENRIQUECIMENTO,1T,2025,7503.91
301060,PENDENTE_ENRIQUECIMENTO,1T,2025,76850.0
301574,PENDENTE_ENRIQUECIMENTO,1T,2025,65308205.24
301744,PENDENTE_ENRIQUECIMENTO,1T,2025,35552.52
302147,PENDENTE_ENRIQUECIMENTO,1T,2025,1793524745.77
303267,PENDENTE_ENRIQUECIMENTO,1T,2025,16177812.02
303739,PENDENTE_ENRIQUECIMENTO,1T,2025,1094971.31
303976,PENDENTE_ENRIQUECIMENTO,1T,2025,3700837.76
302953,PENDENTE_ENRIQUECIMENTO,1T,2025,134204794.05
304212,PENDENTE_ENRIQUECIMENTO,1T,2025,60703.54
303356,PENDENTE_ENRIQUECIMENTO,1T,2025,15219823.76
304051,PENDENTE_ENRIQUECIMENTO,1T,2025,973842.81
304441,PENDENTE_ENRIQUECIMENTO,1T,2025,1991799.98
304531,PENDENTE_ENRIQUECIMENTO,1T,2025,84344.79
301124,PENDENTE_ENRIQUECIMENTO,1T,2025,253422.29
302228,PENDENTE_ENRIQUECIMENTO,1T,2025,30899.3
303844,PENDENTE_ENRIQUECIMENTO,1T,2025,468412.61
305472,PENDENTE_ENRIQUECIMENTO,1T,2025,1348897.1
300136,PENDENTE_ENRIQUECIMENTO,1T,2025,1082330.1
301728,PENDENTE_ENRIQUECIMENTO,1T,2025,8211.92
301949,PENDENTE_ENRIQUECIMENTO,1T,2025,1137184.63
303178,PENDENTE_ENRIQUECIMENTO,1T,2025,51465.94
304344,PENDENTE_ENRIQUECIMENTO,1T,2025,1064010.02
304468,PENDENTE_ENRIQUECIMENTO,1T,2025,2153357.83
305227,PENDENTE_ENRIQUECIMENTO,1T,2025,2530692.26
300730,PENDENTE_ENRIQUECIMENTO,1T,2025,3131.38
302627,PENDENTE_ENRIQUECIMENTO,1T,2025,176320.53
311391,PENDENTE_ENRIQUECIMENTO,1T,2025,4671542.12
311715,PENDENTE_ENRIQUECIMENTO,1T,2025,42793639.31
311944,PENDENTE_ENRIQUECIMENTO,1T,2025,10186537.25
312126,PENDENTE_ENRIQUECIMENTO,1T,2025,802.39
312363,PENDENTE_ENRIQUECIMENTO,1T,2025,13246.23
305626,PENDENTE_ENRIQUECIMENTO,1T,2025,1686960.97
306100,PENDENTE_ENRIQUECIMENTO,1T,2025,477463.39
306398,PENDENTE_ENRIQUECIMENTO,1T,2025,2352733.41
306762,PENDENTE_ENRIQUECIMENTO,1T,2025,59283.73
307319,PENDENTE_ENRIQUECIMENTO,1T,2025,681852.17
309028,PENDENTE_ENRIQUECIMENTO,1T,2025,82912.22
309087,PENDENTE_ENRIQUECIMENTO,1T,2025,182254.09
309524,PENDENTE_ENRIQUECIMENTO,1T,2025,83855.55
310239,PENDENTE_ENRIQUECIMENTO,1T,2025,61538.58
311057,PENDENTE_ENRIQUECIMENTO,1T,2025,2540988.46
311294,PENDENTE_ENRIQUECIMENTO,1T,2025,178887.57
311359,PENDENTE_ENRIQUECIMENTO,1T,2025,421208.13
312282,PENDENTE_ENRIQUECIMENTO,1T,2025,643619.43
306126,PENDENTE_ENRIQUECIMENTO,1T,2025,31834.26
310247,PENDENTE_ENRIQUECIMENTO,1T,2025,402455.33
311618,PENDENTE_ENRIQUECIMENTO,1T,2025,993608.85
312592,PENDENTE_ENRIQUECIMENTO,1T,2025,183937.1
307751,PENDENTE_ENRIQUECIMENTO,1T,2025,68599.55
311961,PENDENTE_ENRIQUECIMENTO,1T,2025,1764.59
306886,PENDENTE_ENRIQUECIMENTO,1T,2025,3461856.13
311847,PENDENTE_ENRIQUECIMENTO,1T,2025,1056829.93
305928,PENDENTE_ENRIQUECIMENTO,1T,2025,111501.61
309907,PENDENTE_ENRIQUECIMENTO,1T,2025,3544641.61
311146,PENDENTE_ENRIQUECIMENTO,1T,2025,94206.36
312347,PENDENTE_ENRIQUECIMENTO,1T,2025,2261893.85
308811,PENDENTE_ENRIQUECIMENTO,1T,2025,2478.93
311375,PENDENTE_ENRIQUECIMENTO,1T,2025,40917.34
306754,PENDENTE_ENRIQUECIMENTO,1T,2025,838937.69
306045,PENDENTE_ENRIQUECIMENTO,1T,2025,93753.82
309222,PENDENTE_ENRIQUECIMENTO,1T,2025,1545359.44
310522,PENDENTE_ENRIQUECIMENTO,1T,2025,12249.88
343731,PENDENTE_ENRIQUECIMENTO,1T,2025,172297.53
341941,PENDENTE_ENRIQUECIMENTO,1T,2025,11090.23
342807,PENDENTE_ENRIQUECIMENTO,1T,2025,5169899.43
342386,PENDENTE_ENRIQUECIMENTO,1T,2025,41416.22
343129,PENDENTE_ENRIQUECIMENTO,1T,2025,9227.39
343331,PENDENTE_ENRIQUECIMENTO,1T,2025,864935.66
338346,PENDENTE_ENRIQUECIMENTO,1T,2025,76022.48
340162,PENDENTE_ENRIQUECIMENTO,1T,2025,410868.55
348180,PENDENTE_ENRIQUECIMENTO,1T,2025,14580386.54
348261,PENDENTE_ENRIQUECIMENTO,1T,2025,601.18
348520,PENDENTE_ENRIQUECIMENTO,1T,2025,1777703.87
349682,PENDENTE_ENRIQUECIMENTO,1T,2025,873870.62
349712,PENDENTE_ENRIQUECIMENTO,1T,2025,271952.47
344788,PENDENTE_ENRIQUECIMENTO,1T,2025,19979.05
344915,PENDENTE_ENRIQUECIMENTO,1T,2025,40552.25
345458,PENDENTE_ENRIQUECIMENTO,1T,2025,155735.61
345709,PENDENTE_ENRIQUECIMENTO,1T,2025,40109469.06
346004,PENDENTE_ENRIQUECIMENTO,1T,2025,7258729.88
346659,PENDENTE_ENRIQUECIMENTO,1T,2025,78238.18
347795,PENDENTE_ENRIQUECIMENTO,1T,2025,3525143.16
344397,PENDENTE_ENRIQUECIMENTO,1T,2025,191122709.54
344800,PENDENTE_ENRIQUECIMENTO,1T,2025,104464984.49
346209,PENDENTE_ENRIQUECIMENTO,1T,2025,1083893.26
346951,PENDENTE_ENRIQUECIMENTO,1T,2025,18617387.37
347604,PENDENTE_ENRIQUECIMENTO,1T,2025,3586080.55
348295,PENDENTE_ENRIQUECIMENTO,1T,2025,1573570.58
347655,PENDENTE_ENRIQUECIMENTO,1T,2025,200273.64
347825,PENDENTE_ENRIQUECIMENTO,1T,2025,5010.01
348830,PENDENTE_ENRIQUECIMENTO,1T,2025,154212.72
345091,PENDENTE_ENRIQUECIMENTO,1T,2025,137652.85
345741,PENDENTE_ENRIQUECIMENTO,1T,2025,134449.48
347108,PENDENTE_ENRIQUECIMENTO,1T,2025,2662891.93
348244,PENDENTE_ENRIQUECIMENTO,1T,2025,3144224.93
344451,PENDENTE_ENRIQUECIMENTO,1T,2025,18130.76
345598,PENDENTE_ENRIQUECIMENTO,1T,2025,3502457.18
346870,PENDENTE_ENRIQUECIMENTO,1T,2025,15323.34
348082,PENDENTE_ENRIQUECIMENTO,1T,2025,2536813.89
345776,PENDENTE_ENRIQUECIMENTO,1T,2025,19776.3
346276,PENDENTE_ENRIQUECIMENTO,1T,2025,10117914.36
347507,PENDENTE_ENRIQUECIMENTO,1T,2025,5468578.82
347736,PENDENTE_ENRIQUECIMENTO,1T,2025,116318.29
349534,PENDENTE_ENRIQUECIMENTO,1T,2025,1931324.01
344729,PENDENTE_ENRIQUECIMENTO,1T,2025,1243632.85
344885,PENDENTE_ENRIQUECIMENTO,1T,2025,2572337.36
345318,PENDENTE_ENRIQUECIMENTO,1T,2025,22971.96
346926,PENDENTE_ENRIQUECIMENTO,1T,2025,10527472.78
423564,PENDENTE_ENRIQUECIMENTO,1T,2025,125.0
423718,PENDENTE_ENRIQUECIMENTO,1T,2025,6182671.27
423858,PENDENTE_ENRIQUECIMENTO,1T,2025,174.94
424161,PENDENTE_ENRIQUECIMENTO,1T,2025,601.19
423912,PENDENTE_ENRIQUECIMENTO,1T,2025,39841.0
423572,PENDENTE_ENRIQUECIMENTO,1T,2025,906712.08
423629,PENDENTE_ENRIQUECIMENTO,1T,2025,208422.65
424170,PENDENTE_ENRIQUECIMENTO,1T,2025,17297.43
423742,PENDENTE_ENRIQUECIMENTO,1T,2025,326.9
423815,PENDENTE_ENRIQUECIMENTO,1T,2025,178178.2
423939,PENDENTE_ENRIQUECIMENTO,1T,2025,1.0
424129,PENDENTE_ENRIQUECIMENTO,1T,2025,41349289.7
424013,PENDENTE_ENRIQUECIMENTO,1T,2025,51085.16
424226,PENDENTE_ENRIQUECIMENTO,1T,2025,222499.47
423777,PENDENTE_ENRIQUECIMENTO,1T,2025,100677.56
424048,PENDENTE_ENRIQUECIMENTO,1T,2025,30862.13
424234,PENDENTE_ENRIQUECIMENTO,1T,2025,15560.46
423645,PENDENTE_ENRIQUECIMENTO,1T,2025,2352.34
423785,PENDENTE_ENRIQUECIMENTO,1T,2025,937470.02
424145,PENDENTE_ENRIQUECIMENTO,1T,2025,25553.93
424285,PENDENTE_ENRIQUECIMENTO,1T,2025,190147.45
424391,PENDENTE_ENRIQUECIMENTO,1T,2025,218090.67
423432,PENDENTE_ENRIQUECIMENTO,1T,2025,1091417.51
423661,PENDENTE_ENRIQUECIMENTO,1T,2025,4686.4
424421,PENDENTE_ENRIQUECIMENTO,1T,2025,302258.64
423475,PENDENTE_ENRIQUECIMENTO,1T,2025,29870616.51
423505,PENDENTE_ENRIQUECIMENTO,1T,2025,97067.57
423831,PENDENTE_ENRIQUECIMENTO,1T,2025,1.0
423513,PENDENTE_ENRIQUECIMENTO,1T,2025,31802.4
423521,PENDENTE_ENRIQUECIMENTO,1T,2025,1.0
423700,PENDENTE_ENRIQUECIMENTO,1T,2025,5484.53
423548,PENDENTE_ENRIQUECIMENTO,1T,2025,178827.8
304123,PENDENTE_ENRIQUECIMENTO,1T,2025,433149.67
300870,PENDENTE_ENRIQUECIMENTO,1T,2025,6878912.76
303623,PENDENTE_ENRIQUECIMENTO,1T,2025,105961.33
310981,PENDENTE_ENRIQUECIMENTO,1T,2025,333763.9
423319,PENDENTE_ENRIQUECIMENTO,1T,2025,1314.8
422053,PENDENTE_ENRIQUECIMENTO,1T,2025,6707395.55
422134,PENDENTE_ENRIQUECIMENTO,1T,2025,19220.99
422355,PENDENTE_ENRIQUECIMENTO,1T,2025,135200.24
422479,PENDENTE_ENRIQUECIMENTO,1T,2025,136869.62
422487,PENDENTE_ENRIQUECIMENTO,1T,2025,466736.77
422681,PENDENTE_ENRIQUECIMENTO,1T,2025,23867702.76
422827,PENDENTE_ENRIQUECIMENTO,1T,2025,86472.45
423262,PENDENTE_ENRIQUECIMENTO,1T,2025,9961.12
421766,PENDENTE_ENRIQUECIMENTO,1T,2025,23233878.43
422151,PENDENTE_ENRIQUECIMENTO,1T,2025,570460.61
422576,PENDENTE_ENRIQUECIMENTO,1T,2025,38462.03
422835,PENDENTE_ENRIQUECIMENTO,1T,2025,154526.04
423041,PENDENTE_ENRIQUECIMENTO,1T,2025,766883.45
423408,PENDENTE_ENRIQUECIMENTO,1T,2025,863916.35
422070,PENDENTE_ENRIQUECIMENTO,1T,2025,197737.47
422371,PENDENTE_ENRIQUECIMENTO,1T,2025,16982.18
422746,PENDENTE_ENRIQUECIMENTO,1T,2025,654.05
423106,PENDENTE_ENRIQUECIMENTO,1T,2025,680.0
423327,PENDENTE_ENRIQUECIMENTO,1T,2025,29027.11
421871,PENDENTE_ENRIQUECIMENTO,1T,2025,111974.68
423173,PENDENTE_ENRIQUECIMENTO,1T,2025,397322.73
423335,PENDENTE_ENRIQUECIMENTO,1T,2025,3081.69
422304,PENDENTE_ENRIQUECIMENTO,1T,2025,807846.53
422754,PENDENTE_ENRIQUECIMENTO,1T,2025,415767.83
422584,PENDENTE_ENRIQUECIMENTO,1T,2025,244900.05
422860,PENDENTE_ENRIQUECIMENTO,1T,2025,13873.78
421928,PENDENTE_ENRIQUECIMENTO,1T,2025,8942320.82
422088,PENDENTE_ENRIQUECIMENTO,1T,2025,1162018.77
422321,PENDENTE_ENRIQUECIMENTO,1T,2025,1658866.81
422401,PENDENTE_ENRIQUECIMENTO,1T,2025,36927.26
422762,PENDENTE_ENRIQUECIMENTO,1T,2025,90629.83
423181,PENDENTE_ENRIQUECIMENTO,1T,2025,35905.71
422398,PENDENTE_ENRIQUECIMENTO,1T,2025,35329.27
421341,PENDENTE_ENRIQUECIMENTO,1T,2025,8144.05
421421,PENDENTE_ENRIQUECIMENTO,1T,2025,697142.15
421707,PENDENTE_ENRIQUECIMENTO,1T,2025,43697.21
421715,PENDENTE_ENRIQUECIMENTO,1T,2025,269660.49
421723,PENDENTE_ENRIQUECIMENTO,1T,2025,881295.09
420000,PENDENTE_ENRIQUECIMENTO,1T,2025,793354.47
420051,PENDENTE_ENRIQUECIMENTO,1T,2025,720786.83
420093,PENDENTE_ENRIQUECIMENTO,1T,2025,817242.7
420166,PENDENTE_ENRIQUECIMENTO,1T,2025,47690319.51
420859,PENDENTE_ENRIQUECIMENTO,1T,2025,101535.0
420981,PENDENTE_ENRIQUECIMENTO,1T,2025,16200.88
421146,PENDENTE_ENRIQUECIMENTO,1T,2025,4710.15
421561,PENDENTE_ENRIQUECIMENTO,1T,2025,5227.61
420107,PENDENTE_ENRIQUECIMENTO,1T,2025,232574.04
420930,PENDENTE_ENRIQUECIMENTO,1T,2025,9872123.96
421154,PENDENTE_ENRIQUECIMENTO,1T,2025,6368907.29
420701,PENDENTE_ENRIQUECIMENTO,1T,2025,320246.79
421359,PENDENTE_ENRIQUECIMENTO,1T,2025,15878.69
421731,PENDENTE_ENRIQUECIMENTO,1T,2025,40186.94
420786,PENDENTE_ENRIQUECIMENTO,1T,2025,7786.4
421189,PENDENTE_ENRIQUECIMENTO,1T,2025,84565.63
421197,PENDENTE_ENRIQUECIMENTO,1T,2025,30863759.14
421618,PENDENTE_ENRIQUECIMENTO,1T,2025,263.28
420123,PENDENTE_ENRIQUECIMENTO,1T,2025,1377.79
421367,PENDENTE_ENRIQUECIMENTO,1T,2025,1409260.77
420841,PENDENTE_ENRIQUECIMENTO,1T,2025,234777.54
421634,PENDENTE_ENRIQUECIMENTO,1T,2025,162774.81
420816,PENDENTE_ENRIQUECIMENTO,1T,2025,10497.48
420999,PENDENTE_ENRIQUECIMENTO,1T,2025,21203.46
420077,PENDENTE_ENRIQUECIMENTO,1T,2025,1547532.77
421642,PENDENTE_ENRIQUECIMENTO,1T,2025,225.39
420140,PENDENTE_ENRIQUECIMENTO,1T,2025,528477.11
421375,PENDENTE_ENRIQUECIMENTO,1T,2025,31843.44
420158,PENDENTE_ENRIQUECIMENTO,1T,2025,2825114.17
421006,PENDENTE_ENRIQUECIMENTO,1T,2025,1579.4
421405,PENDENTE_ENRIQUECIMENTO,1T,2025,621417.31
419974,PENDENTE_ENRIQUECIMENTO,1T,2025,12454.27
420085,PENDENTE_ENRIQUECIMENTO,1T,2025,13249.92
421243,PENDENTE_ENRIQUECIMENTO,1T,2025,507822.54
422941,PENDENTE_ENRIQUECIMENTO,1T,2025,1129172.84
423017,PENDENTE_ENRIQUECIMENTO,1T,2025,105.0
423351,PENDENTE_ENRIQUECIMENTO,1T,2025,618928.22
422959,PENDENTE_ENRIQUECIMENTO,1T,2025,13764.84
423203,PENDENTE_ENRIQUECIMENTO,1T,2025,46809.01
422592,PENDENTE_ENRIQUECIMENTO,1T,2025,24098.47
421944,PENDENTE_ENRIQUECIMENTO,1T,2025,1516666.19
422339,PENDENTE_ENRIQUECIMENTO,1T,2025,44081.4
422631,PENDENTE_ENRIQUECIMENTO,1T,2025,1969323.82
422771,PENDENTE_ENRIQUECIMENTO,1T,2025,479711.11
422029,PENDENTE_ENRIQUECIMENTO,1T,2025,2431757.73
422126,PENDENTE_ENRIQUECIMENTO,1T,2025,6570937.51
421740,PENDENTE_ENRIQUECIMENTO,1T,2025,3102903.58
422657,PENDENTE_ENRIQUECIMENTO,1T,2025,16752.02
421758,PENDENTE_ENRIQUECIMENTO,1T,2025,13461.06
358096,PENDENTE_ENRIQUECIMENTO,1T,2025,9918618.28
358436,PENDENTE_ENRIQUECIMENTO,1T,2025,280730.02
359017,PENDENTE_ENRIQUECIMENTO,1T,2025,94658596.37
359777,PENDENTE_ENRIQUECIMENTO,1T,2025,1448352.48
360414,PENDENTE_ENRIQUECIMENTO,1T,2025,17960351.78
354678,PENDENTE_ENRIQUECIMENTO,1T,2025,1755.82
354783,PENDENTE_ENRIQUECIMENTO,1T,2025,4844078.22
354996,PENDENTE_ENRIQUECIMENTO,1T,2025,84082.22
355577,PENDENTE_ENRIQUECIMENTO,1T,2025,382099.2
355691,PENDENTE_ENRIQUECIMENTO,1T,2025,633101.98
356123,PENDENTE_ENRIQUECIMENTO,1T,2025,89284.04
356476,PENDENTE_ENRIQUECIMENTO,1T,2025,366790.84
356581,PENDENTE_ENRIQUECIMENTO,1T,2025,1407421.45
357022,PENDENTE_ENRIQUECIMENTO,1T,2025,3690.92
357260,PENDENTE_ENRIQUECIMENTO,1T,2025,44468.08
357391,PENDENTE_ENRIQUECIMENTO,1T,2025,18858806.52
357511,PENDENTE_ENRIQUECIMENTO,1T,2025,312916634.76
358053,PENDENTE_ENRIQUECIMENTO,1T,2025,20563084.72
359289,PENDENTE_ENRIQUECIMENTO,1T,2025,65428326.37
355097,PENDENTE_ENRIQUECIMENTO,1T,2025,97102.53
355721,PENDENTE_ENRIQUECIMENTO,1T,2025,2352119.23
356417,PENDENTE_ENRIQUECIMENTO,1T,2025,308926.2
359033,PENDENTE_ENRIQUECIMENTO,1T,2025,108934.16
360244,PENDENTE_ENRIQUECIMENTO,1T,2025,494065.97
355593,PENDENTE_ENRIQUECIMENTO,1T,2025,335753.27
357138,PENDENTE_ENRIQUECIMENTO,1T,2025,477080.48
358088,PENDENTE_ENRIQUECIMENTO,1T,2025,1400947.24
358754,PENDENTE_ENRIQUECIMENTO,1T,2025,399408.16
359661,PENDENTE_ENRIQUECIMENTO,1T,2025,1941525.79
358282,PENDENTE_ENRIQUECIMENTO,1T,2025,141030.53
354627,PENDENTE_ENRIQUECIMENTO,1T,2025,1212214.01
357669,PENDENTE_ENRIQUECIMENTO,1T,2025,135239.52
357715,PENDENTE_ENRIQUECIMENTO,1T,2025,1003566.4
359122,PENDENTE_ENRIQUECIMENTO,1T,2025,505163.94
355151,PENDENTE_ENRIQUECIMENTO,1T,2025,1368476.25
360449,PENDENTE_ENRIQUECIMENTO,1T,2025,32556943.41
358339,PENDENTE_ENRIQUECIMENTO,1T,2025,17160.3
380661,PENDENTE_ENRIQUECIMENTO,1T,2025,466252.71
382639,PENDENTE_ENRIQUECIMENTO,1T,2025,1394121.1
384577,PENDENTE_ENRIQUECIMENTO,1T,2025,377314.27
385255,PENDENTE_ENRIQUECIMENTO,1T,2025,1390055.89
368920,PENDENTE_ENRIQUECIMENTO,1T,2025,163171.8
369659,PENDENTE_ENRIQUECIMENTO,1T,2025,298936.73
370070,PENDENTE_ENRIQUECIMENTO,1T,2025,15932420.45
370088,PENDENTE_ENRIQUECIMENTO,1T,2025,74528.01
370681,PENDENTE_ENRIQUECIMENTO,1T,2025,19882.23
371106,PENDENTE_ENRIQUECIMENTO,1T,2025,985122.65
371629,PENDENTE_ENRIQUECIMENTO,1T,2025,474903.67
372561,PENDENTE_ENRIQUECIMENTO,1T,2025,111223.66
374440,PENDENTE_ENRIQUECIMENTO,1T,2025,24270367.01
378216,PENDENTE_ENRIQUECIMENTO,1T,2025,748673.42
368253,PENDENTE_ENRIQUECIMENTO,1T,2025,29322364.89
369411,PENDENTE_ENRIQUECIMENTO,1T,2025,662.57
370568,PENDENTE_ENRIQUECIMENTO,1T,2025,15800.43
371254,PENDENTE_ENRIQUECIMENTO,1T,2025,223630592.1
379280,PENDENTE_ENRIQUECIMENTO,1T,2025,59344681.73
370711,PENDENTE_ENRIQUECIMENTO,1T,2025,6386.81
381144,PENDENTE_ENRIQUECIMENTO,1T,2025,10450.28
382655,PENDENTE_ENRIQUECIMENTO,1T,2025,790449.23
369292,PENDENTE_ENRIQUECIMENTO,1T,2025,3580853.72
370592,PENDENTE_ENRIQUECIMENTO,1T,2025,864859.24
370975,PENDENTE_ENRIQUECIMENTO,1T,2025,640251.7
382876,PENDENTE_ENRIQUECIMENTO,1T,2025,17742206.07
382281,PENDENTE_ENRIQUECIMENTO,1T,2025,580648.07
371777,PENDENTE_ENRIQUECIMENTO,1T,2025,71358.84
372609,PENDENTE_ENRIQUECIMENTO,1T,2025,2541663.87
365645,PENDENTE_ENRIQUECIMENTO,1T,2025,38268.01
366064,PENDENTE_ENRIQUECIMENTO,1T,2025,2519183.83
366439,PENDENTE_ENRIQUECIMENTO,1T,2025,1214144.17
367087,PENDENTE_ENRIQUECIMENTO,1T,2025,10960.83
367613,PENDENTE_ENRIQUECIMENTO,1T,2025,206886.01
360783,PENDENTE_ENRIQUECIMENTO,1T,2025,803.97
361569,PENDENTE_ENRIQUECIMENTO,1T,2025,6413478.24
361941,PENDENTE_ENRIQUECIMENTO,1T,2025,524191.14
362573,PENDENTE_ENRIQUECIMENTO,1T,2025,40433.42
363286,PENDENTE_ENRIQUECIMENTO,1T,2025,516839.72
364070,PENDENTE_ENRIQUECIMENTO,1T,2025,393.62
364584,PENDENTE_ENRIQUECIMENTO,1T,2025,40410250.6
364860,PENDENTE_ENRIQUECIMENTO,1T,2025,87271.3
362832,PENDENTE_ENRIQUECIMENTO,1T,2025,304928.81
366561,PENDENTE_ENRIQUECIMENTO,1T,2025,4770784.29
368148,PENDENTE_ENRIQUECIMENTO,1T,2025,48749.38
364312,PENDENTE_ENRIQUECIMENTO,1T,2025,4493771.48
361593,PENDENTE_ENRIQUECIMENTO,1T,2025,139399.59
364592,PENDENTE_ENRIQUECIMENTO,1T,2025,25268.16
365238,PENDENTE_ENRIQUECIMENTO,1T,2025,806352.2
365777,PENDENTE_ENRIQUECIMENTO,1T,2025,1841422.48
363391,PENDENTE_ENRIQUECIMENTO,1T,2025,148077.54
361011,PENDENTE_ENRIQUECIMENTO,1T,2025,2278446.58
366340,PENDENTE_ENRIQUECIMENTO,1T,2025,72277.7
367095,PENDENTE_ENRIQUECIMENTO,1T,2025,6032320.01
361615,PENDENTE_ENRIQUECIMENTO,1T,2025,1506055.94
362140,PENDENTE_ENRIQUECIMENTO,1T,2025,6414.4
365530,PENDENTE_ENRIQUECIMENTO,1T,2025,49068.66
367397,PENDENTE_ENRIQUECIMENTO,1T,2025,1391125.51
363855,PENDENTE_ENRIQUECIMENTO,1T,2025,924758.48
361461,PENDENTE_ENRIQUECIMENTO,1T,2025,641353.48
363189,PENDENTE_ENRIQUECIMENTO,1T,2025,7162.64
365785,PENDENTE_ENRIQUECIMENTO,1T,2025,233.97
371564,PENDENTE_ENRIQUECIMENTO,1T,2025,630842.98
379956,PENDENTE_ENRIQUECIMENTO,1T,2025,15356485.77
382540,PENDENTE_ENRIQUECIMENTO,1T,2025,7645.06
384704,PENDENTE_ENRIQUECIMENTO,1T,2025,11234.95
368555,PENDENTE_ENRIQUECIMENTO,1T,2025,150191.1
421723,PENDENTE_ENRIQUECIMENTO,2T,2025,828741.12
421871,PENDENTE_ENRIQUECIMENTO,2T,2025,8936.53
421928,PENDENTE_ENRIQUECIMENTO,2T,2025,1267236.81
422070,PENDENTE_ENRIQUECIMENTO,2T,2025,6515492.48
422223,PENDENTE_ENRIQUECIMENTO,2T,2025,1462387.39
422371,PENDENTE_ENRIQUECIMENTO,2T,2025,1416837.43
422479,PENDENTE_ENRIQUECIMENTO,2T,2025,268313.58
422487,PENDENTE_ENRIQUECIMENTO,2T,2025,720911.22
422681,PENDENTE_ENRIQUECIMENTO,2T,2025,399938.86
422771,PENDENTE_ENRIQUECIMENTO,2T,2025,522028.14
422959,PENDENTE_ENRIQUECIMENTO,2T,2025,2883486.84
423041,PENDENTE_ENRIQUECIMENTO,2T,2025,41612.0
424048,PENDENTE_ENRIQUECIMENTO,2T,2025,331485.4
419028,PENDENTE_ENRIQUECIMENTO,2T,2025,29468.7
419249,PENDENTE_ENRIQUECIMENTO,2T,2025,902903.45
419354,PENDENTE_ENRIQUECIMENTO,2T,2025,267253.68
419486,PENDENTE_ENRIQUECIMENTO,2T,2025,1031368.1
419699,PENDENTE_ENRIQUECIMENTO,2T,2025,28240541.98
419958,PENDENTE_ENRIQUECIMENTO,2T,2025,621261.54
420077,PENDENTE_ENRIQUECIMENTO,2T,2025,359343055.03
420140,PENDENTE_ENRIQUECIMENTO,2T,2025,644.46
420158,PENDENTE_ENRIQUECIMENTO,2T,2025,2811674.83
420786,PENDENTE_ENRIQUECIMENTO,2T,2025,38705.23
420816,PENDENTE_ENRIQUECIMENTO,2T,2025,15334.82
420981,PENDENTE_ENRIQUECIMENTO,2T,2025,5197.0
421146,PENDENTE_ENRIQUECIMENTO,2T,2025,346443.17
421197,PENDENTE_ENRIQUECIMENTO,2T,2025,400.0
421367,PENDENTE_ENRIQUECIMENTO,2T,2025,0.95
421634,PENDENTE_ENRIQUECIMENTO,2T,2025,3165658.03
421707,PENDENTE_ENRIQUECIMENTO,2T,2025,9427001.14
422304,PENDENTE_ENRIQUECIMENTO,2T,2025,849439.73
423106,PENDENTE_ENRIQUECIMENTO,2T,2025,680.0
422134,PENDENTE_ENRIQUECIMENTO,2T,2025,866655.66
422151,PENDENTE_ENRIQUECIMENTO,2T,2025,10747139.89
422355,PENDENTE_ENRIQUECIMENTO,2T,2025,4647278.76
422576,PENDENTE_ENRIQUECIMENTO,2T,2025,576810.49
422631,PENDENTE_ENRIQUECIMENTO,2T,2025,969203.47
422657,PENDENTE_ENRIQUECIMENTO,2T,2025,33504.02
422762,PENDENTE_ENRIQUECIMENTO,2T,2025,75153926.06
422941,PENDENTE_ENRIQUECIMENTO,2T,2025,3276.0
424188,PENDENTE_ENRIQUECIMENTO,2T,2025,353271873.16
424226,PENDENTE_ENRIQUECIMENTO,2T,2025,350643.22
424331,PENDENTE_ENRIQUECIMENTO,2T,2025,2.0
424366,PENDENTE_ENRIQUECIMENTO,2T,2025,44530.21
424391,PENDENTE_ENRIQUECIMENTO,2T,2025,172702362.49
424463,PENDENTE_ENRIQUECIMENTO,2T,2025,15923.87
424544,PENDENTE_ENRIQUECIMENTO,2T,2025,99.0
419010,PENDENTE_ENRIQUECIMENTO,2T,2025,76001.93
419125,PENDENTE_ENRIQUECIMENTO,2T,2025,29097.03
419133,PENDENTE_ENRIQUECIMENTO,2T,2025,33209630.59
419257,PENDENTE_ENRIQUECIMENTO,2T,2025,1606919.8
419290,PENDENTE_ENRIQUECIMENTO,2T,2025,6333.61
419443,PENDENTE_ENRIQUECIMENTO,2T,2025,14636525.11
419591,PENDENTE_ENRIQUECIMENTO,2T,2025,443642.48
420123,PENDENTE_ENRIQUECIMENTO,2T,2025,10335.03
421189,PENDENTE_ENRIQUECIMENTO,2T,2025,942929.76
421618,PENDENTE_ENRIQUECIMENTO,2T,2025,3521638.11
423262,PENDENTE_ENRIQUECIMENTO,2T,2025,39259.6
420051,PENDENTE_ENRIQUECIMENTO,2T,2025,11364.53
420841,PENDENTE_ENRIQUECIMENTO,2T,2025,294484.16
309222,PENDENTE_ENRIQUECIMENTO,2T,2025,1246630586.48
309907,PENDENTE_ENRIQUECIMENTO,2T,2025,8898190.83
310239,PENDENTE_ENRIQUECIMENTO,2T,2025,15319492.91
310522,PENDENTE_ENRIQUECIMENTO,2T,2025,3467.61
311146,PENDENTE_ENRIQUECIMENTO,2T,2025,45132035.9
311375,PENDENTE_ENRIQUECIMENTO,2T,2025,613506.72
311847,PENDENTE_ENRIQUECIMENTO,2T,2025,1089193.26
311961,PENDENTE_ENRIQUECIMENTO,2T,2025,1283.36
312282,PENDENTE_ENRIQUECIMENTO,2T,2025,24016950.45
312363,PENDENTE_ENRIQUECIMENTO,2T,2025,190281.88
312592,PENDENTE_ENRIQUECIMENTO,2T,2025,204486.01
312720,PENDENTE_ENRIQUECIMENTO,2T,2025,259007.04
313084,PENDENTE_ENRIQUECIMENTO,2T,2025,839310.42
313211,PENDENTE_ENRIQUECIMENTO,2T,2025,264700.52
314099,PENDENTE_ENRIQUECIMENTO,2T,2025,1236051.72
314587,PENDENTE_ENRIQUECIMENTO,2T,2025,30398783.83
314706,PENDENTE_ENRIQUECIMENTO,2T,2025,178288.25
314781,PENDENTE_ENRIQUECIMENTO,2T,2025,559405.72
315044,PENDENTE_ENRIQUECIMENTO,2T,2025,2981525.08
315478,PENDENTE_ENRIQUECIMENTO,2T,2025,908916.5
315567,PENDENTE_ENRIQUECIMENTO,2T,2025,100567849.43
315648,PENDENTE_ENRIQUECIMENTO,2T,2025,284449.98
315729,PENDENTE_ENRIQUECIMENTO,2T,2025,2531252.47
315796,PENDENTE_ENRIQUECIMENTO,2T,2025,1093971.64
316458,PENDENTE_ENRIQUECIMENTO,2T,2025,237656.44
319121,PENDENTE_ENRIQUECIMENTO,2T,2025,247866.17
319180,PENDENTE_ENRIQUECIMENTO,2T,2025,1523075.38
319384,PENDENTE_ENRIQUECIMENTO,2T,2025,1742270.45
319422,PENDENTE_ENRIQUECIMENTO,2T,2025,218861.16
319708,PENDENTE_ENRIQUECIMENTO,2T,2025,789764.31
320820,PENDENTE_ENRIQUECIMENTO,2T,2025,25506097.09
320838,PENDENTE_ENRIQUECIMENTO,2T,2025,42075.58
320862,PENDENTE_ENRIQUECIMENTO,2T,2025,2880558.34
320897,PENDENTE_ENRIQUECIMENTO,2T,2025,7824.98
000582,PENDENTE_ENRIQUECIMENTO,2T,2025,3451481500.84
000884,PENDENTE_ENRIQUECIMENTO,2T,2025,2201000.0
006246,PENDENTE_ENRIQUECIMENTO,2T,2025,15572396443.46
300136,PENDENTE_ENRIQUECIMENTO,2T,2025,683.57
300713,PENDENTE_ENRIQUECIMENTO,2T,2025,1511264.03
301060,PENDENTE_ENRIQUECIMENTO,2T,2025,203014.09
301574,PENDENTE_ENRIQUECIMENTO,2T,2025,316243.25
301728,PENDENTE_ENRIQUECIMENTO,2T,2025,1768465.63
301949,PENDENTE_ENRIQUECIMENTO,2T,2025,41257270.18
302627,PENDENTE_ENRIQUECIMENTO,2T,2025,24429727.95
303178,PENDENTE_ENRIQUECIMENTO,2T,2025,13458021.35
303356,PENDENTE_ENRIQUECIMENTO,2T,2025,1696.51
303844,PENDENTE_ENRIQUECIMENTO,2T,2025,54924.2
304051,PENDENTE_ENRIQUECIMENTO,2T,2025,85274314.79
304212,PENDENTE_ENRIQUECIMENTO,2T,2025,12125.16
304344,PENDENTE_ENRIQUECIMENTO,2T,2025,1160504.01
304441,PENDENTE_ENRIQUECIMENTO,2T,2025,24104342.72
304531,PENDENTE_ENRIQUECIMENTO,2T,2025,109455.52
304883,PENDENTE_ENRIQUECIMENTO,2T,2025,1358087.21
305421,PENDENTE_ENRIQUECIMENTO,2T,2025,13180.19
305626,PENDENTE_ENRIQUECIMENTO,2T,2025,28649658.08
306100,PENDENTE_ENRIQUECIMENTO,2T,2025,7486710.75
306886,PENDENTE_ENRIQUECIMENTO,2T,2025,22222726.91
308811,PENDENTE_ENRIQUECIMENTO,2T,2025,339719.89
311618,PENDENTE_ENRIQUECIMENTO,2T,2025,105843425.22
321044,PENDENTE_ENRIQUECIMENTO,2T,2025,5891565.52
321087,PENDENTE_ENRIQUECIMENTO,2T,2025,18953.8
321125,PENDENTE_ENRIQUECIMENTO,2T,2025,4249.07
321273,PENDENTE_ENRIQUECIMENTO,2T,2025,9128972.12
317144,PENDENTE_ENRIQUECIMENTO,2T,2025,365616.88
317233,PENDENTE_ENRIQUECIMENTO,2T,2025,785704.16
317632,PENDENTE_ENRIQUECIMENTO,2T,2025,41810.86
317896,PENDENTE_ENRIQUECIMENTO,2T,2025,1133882.4
005711,PENDENTE_ENRIQUECIMENTO,2T,2025,86339293.9
305472,PENDENTE_ENRIQUECIMENTO,2T,2025,356204.69
306126,PENDENTE_ENRIQUECIMENTO,2T,2025,32520.86
306398,PENDENTE_ENRIQUECIMENTO,2T,2025,379913985.37
306762,PENDENTE_ENRIQUECIMENTO,2T,2025,114091352.67
307319,PENDENTE_ENRIQUECIMENTO,2T,2025,5430649.68
352331,PENDENTE_ENRIQUECIMENTO,2T,2025,213203.07
352501,PENDENTE_ENRIQUECIMENTO,2T,2025,32670978.97
352586,PENDENTE_ENRIQUECIMENTO,2T,2025,13468302.81
353027,PENDENTE_ENRIQUECIMENTO,2T,2025,64011.83
353060,PENDENTE_ENRIQUECIMENTO,2T,2025,559.07
353876,PENDENTE_ENRIQUECIMENTO,2T,2025,333270.07
354031,PENDENTE_ENRIQUECIMENTO,2T,2025,40814.23
354066,PENDENTE_ENRIQUECIMENTO,2T,2025,6361707.77
354279,PENDENTE_ENRIQUECIMENTO,2T,2025,1491.95
354325,PENDENTE_ENRIQUECIMENTO,2T,2025,18135.46
354619,PENDENTE_ENRIQUECIMENTO,2T,2025,56203.48
354627,PENDENTE_ENRIQUECIMENTO,2T,2025,1295959.95
354783,PENDENTE_ENRIQUECIMENTO,2T,2025,6360946.92
355097,PENDENTE_ENRIQUECIMENTO,2T,2025,1254855.77
355577,PENDENTE_ENRIQUECIMENTO,2T,2025,544184.29
355691,PENDENTE_ENRIQUECIMENTO,2T,2025,76215538.89
356581,PENDENTE_ENRIQUECIMENTO,2T,2025,39512177.05
357022,PENDENTE_ENRIQUECIMENTO,2T,2025,906892.37
357138,PENDENTE_ENRIQUECIMENTO,2T,2025,91648243.87
357260,PENDENTE_ENRIQUECIMENTO,2T,2025,152504574.46
357391,PENDENTE_ENRIQUECIMENTO,2T,2025,30757090.38
357669,PENDENTE_ENRIQUECIMENTO,2T,2025,38564.4
358053,PENDENTE_ENRIQUECIMENTO,2T,2025,60512.4
358088,PENDENTE_ENRIQUECIMENTO,2T,2025,4782918.85
358754,PENDENTE_ENRIQUECIMENTO,2T,2025,174368.83
359033,PENDENTE_ENRIQUECIMENTO,2T,2025,3475113.7
359661,PENDENTE_ENRIQUECIMENTO,2T,2025,2499825.91
359777,PENDENTE_ENRIQUECIMENTO,2T,2025,225322.55
360244,PENDENTE_ENRIQUECIMENTO,2T,2025,140863112.5
360449,PENDENTE_ENRIQUECIMENTO,2T,2025,35439723.69
361011,PENDENTE_ENRIQUECIMENTO,2T,2025,7285331.21
361593,PENDENTE_ENRIQUECIMENTO,2T,2025,12228776.22
361941,PENDENTE_ENRIQUECIMENTO,2T,2025,171825.06
365777,PENDENTE_ENRIQUECIMENTO,2T,2025,5373851.73
366064,PENDENTE_ENRIQUECIMENTO,2T,2025,1710523.58
345741,PENDENTE_ENRIQUECIMENTO,2T,2025,44354047.91
345776,PENDENTE_ENRIQUECIMENTO,2T,2025,647321.62
346209,PENDENTE_ENRIQUECIMENTO,2T,2025,69664840.01
346659,PENDENTE_ENRIQUECIMENTO,2T,2025,111799830.44
347108,PENDENTE_ENRIQUECIMENTO,2T,2025,48970.43
347655,PENDENTE_ENRIQUECIMENTO,2T,2025,129752296.09
348082,PENDENTE_ENRIQUECIMENTO,2T,2025,2637244.88
348180,PENDENTE_ENRIQUECIMENTO,2T,2025,937394.44
348295,PENDENTE_ENRIQUECIMENTO,2T,2025,1286686.52
348520,PENDENTE_ENRIQUECIMENTO,2T,2025,171786.49
349682,PENDENTE_ENRIQUECIMENTO,2T,2025,1446414.53
349712,PENDENTE_ENRIQUECIMENTO,2T,2025,758617.8
350346,PENDENTE_ENRIQUECIMENTO,2T,2025,1025272.21
350494,PENDENTE_ENRIQUECIMENTO,2T,2025,234443.29
350648,PENDENTE_ENRIQUECIMENTO,2T,2025,345970.5
350699,PENDENTE_ENRIQUECIMENTO,2T,2025,72250126.4
351792,PENDENTE_ENRIQUECIMENTO,2T,2025,439072.69
352179,PENDENTE_ENRIQUECIMENTO,2T,2025,11473.95
352519,PENDENTE_ENRIQUECIMENTO,2T,2025,14783249.41
353663,PENDENTE_ENRIQUECIMENTO,2T,2025,238880153.45
357511,PENDENTE_ENRIQUECIMENTO,2T,2025,737693.29
358282,PENDENTE_ENRIQUECIMENTO,2T,2025,1357.0
360783,PENDENTE_ENRIQUECIMENTO,2T,2025,613.52
361461,PENDENTE_ENRIQUECIMENTO,2T,2025,653745.04
362573,PENDENTE_ENRIQUECIMENTO,2T,2025,29566142.92
369659,PENDENTE_ENRIQUECIMENTO,2T,2025,368948313.8
370070,PENDENTE_ENRIQUECIMENTO,2T,2025,1903271.93
366340,PENDENTE_ENRIQUECIMENTO,2T,2025,147350.57
366439,PENDENTE_ENRIQUECIMENTO,2T,2025,1522845.92
346926,PENDENTE_ENRIQUECIMENTO,2T,2025,10851980.05
348244,PENDENTE_ENRIQUECIMENTO,2T,2025,3457193.95
348830,PENDENTE_ENRIQUECIMENTO,2T,2025,200686.57
350141,PENDENTE_ENRIQUECIMENTO,2T,2025,1323570.78
351270,PENDENTE_ENRIQUECIMENTO,2T,2025,20729133.49
351776,PENDENTE_ENRIQUECIMENTO,2T,2025,46646.57
309524,PENDENTE_ENRIQUECIMENTO,2T,2025,68049.91
310981,PENDENTE_ENRIQUECIMENTO,2T,2025,2625581.69
311715,PENDENTE_ENRIQUECIMENTO,2T,2025,1433258.53
312126,PENDENTE_ENRIQUECIMENTO,2T,2025,60569.12
312347,PENDENTE_ENRIQUECIMENTO,2T,2025,95059287.76
312851,PENDENTE_ENRIQUECIMENTO,2T,2025,14168754.03
316873,PENDENTE_ENRIQUECIMENTO,2T,2025,118977.93
318566,PENDENTE_ENRIQUECIMENTO,2T,2025,338369.26
322326,PENDENTE_ENRIQUECIMENTO,2T,2025,119783.87
322571,PENDENTE_ENRIQUECIMENTO,2T,2025,6033223.33
322831,PENDENTE_ENRIQUECIMENTO,2T,2025,539764.32
319872,PENDENTE_ENRIQUECIMENTO,2T,2025,1447495.15
319996,PENDENTE_ENRIQUECIMENTO,2T,2025,7458038.56
320251,PENDENTE_ENRIQUECIMENTO,2T,2025,1848628.07
000515,PENDENTE_ENRIQUECIMENTO,2T,2025,17645.95
000701,PENDENTE_ENRIQUECIMENTO,2T,2025,14891214.19
301124,PENDENTE_ENRIQUECIMENTO,2T,2025,109958.89
302147,PENDENTE_ENRIQUECIMENTO,2T,2025,3634813159.95
303267,PENDENTE_ENRIQUECIMENTO,2T,2025,283518645.95
303623,PENDENTE_ENRIQUECIMENTO,2T,2025,497531433.64
303976,PENDENTE_ENRIQUECIMENTO,2T,2025,9027055.19
304123,PENDENTE_ENRIQUECIMENTO,2T,2025,49139842.51
304468,PENDENTE_ENRIQUECIMENTO,2T,2025,78465518.63
304701,PENDENTE_ENRIQUECIMENTO,2T,2025,115941237.54
305227,PENDENTE_ENRIQUECIMENTO,2T,2025,468870.18
305928,PENDENTE_ENRIQUECIMENTO,2T,2025,436.87
307751,PENDENTE_ENRIQUECIMENTO,2T,2025,95094.84
309087,PENDENTE_ENRIQUECIMENTO,2T,2025,168637.7
311294,PENDENTE_ENRIQUECIMENTO,2T,2025,108961594.03
314218,PENDENTE_ENRIQUECIMENTO,2T,2025,12203.26
320510,PENDENTE_ENRIQUECIMENTO,2T,2025,18830.95
320706,PENDENTE_ENRIQUECIMENTO,2T,2025,1617653.39
301744,PENDENTE_ENRIQUECIMENTO,2T,2025,54798452.3
302953,PENDENTE_ENRIQUECIMENTO,2T,2025,284365065.07
304395,PENDENTE_ENRIQUECIMENTO,2T,2025,1068339.06
306045,PENDENTE_ENRIQUECIMENTO,2T,2025,97497.25
408026,PENDENTE_ENRIQUECIMENTO,2T,2025,3310621.17
408794,PENDENTE_ENRIQUECIMENTO,2T,2025,30833.67
409243,PENDENTE_ENRIQUECIMENTO,2T,2025,1322003.64
409634,PENDENTE_ENRIQUECIMENTO,2T,2025,341.89
410608,PENDENTE_ENRIQUECIMENTO,2T,2025,50647.36
411752,PENDENTE_ENRIQUECIMENTO,2T,2025,873387.32
412058,PENDENTE_ENRIQUECIMENTO,2T,2025,18979459.5
412996,PENDENTE_ENRIQUECIMENTO,2T,2025,776773.26
413330,PENDENTE_ENRIQUECIMENTO,2T,2025,915879.17
413534,PENDENTE_ENRIQUECIMENTO,2T,2025,5846961.44
413551,PENDENTE_ENRIQUECIMENTO,2T,2025,305370.86
414212,PENDENTE_ENRIQUECIMENTO,2T,2025,13486154.53
414492,PENDENTE_ENRIQUECIMENTO,2T,2025,64685.74
414654,PENDENTE_ENRIQUECIMENTO,2T,2025,35324.25
414689,PENDENTE_ENRIQUECIMENTO,2T,2025,2552.81
414905,PENDENTE_ENRIQUECIMENTO,2T,2025,609949.04
414930,PENDENTE_ENRIQUECIMENTO,2T,2025,2287427.75
415014,PENDENTE_ENRIQUECIMENTO,2T,2025,2361933.69
415111,PENDENTE_ENRIQUECIMENTO,2T,2025,580734.11
415693,PENDENTE_ENRIQUECIMENTO,2T,2025,462993.54
415936,PENDENTE_ENRIQUECIMENTO,2T,2025,11275.07
416398,PENDENTE_ENRIQUECIMENTO,2T,2025,428310.8
416428,PENDENTE_ENRIQUECIMENTO,2T,2025,6656299.45
416789,PENDENTE_ENRIQUECIMENTO,2T,2025,6230053.53
416801,PENDENTE_ENRIQUECIMENTO,2T,2025,81433844.6
417092,PENDENTE_ENRIQUECIMENTO,2T,2025,1299710.68
417947,PENDENTE_ENRIQUECIMENTO,2T,2025,12860889.66
417955,PENDENTE_ENRIQUECIMENTO,2T,2025,3896.66
418021,PENDENTE_ENRIQUECIMENTO,2T,2025,3949999.12
418030,PENDENTE_ENRIQUECIMENTO,2T,2025,155.43
418072,PENDENTE_ENRIQUECIMENTO,2T,2025,8299.98
418129,PENDENTE_ENRIQUECIMENTO,2T,2025,5035978.56
370568,PENDENTE_ENRIQUECIMENTO,2T,2025,244652.09
370711,PENDENTE_ENRIQUECIMENTO,2T,2025,4033.61
371564,PENDENTE_ENRIQUECIMENTO,2T,2025,4011.25
371777,PENDENTE_ENRIQUECIMENTO,2T,2025,23788.65
374440,PENDENTE_ENRIQUECIMENTO,2T,2025,3244057.92
379956,PENDENTE_ENRIQUECIMENTO,2T,2025,1385307215.25
382540,PENDENTE_ENRIQUECIMENTO,2T,2025,46937910.61
382876,PENDENTE_ENRIQUECIMENTO,2T,2025,489381.83
384704,PENDENTE_ENRIQUECIMENTO,2T,2025,12934.05
385697,PENDENTE_ENRIQUECIMENTO,2T,2025,5959029.57
386596,PENDENTE_ENRIQUECIMENTO,2T,2025,6911643.34
389358,PENDENTE_ENRIQUECIMENTO,2T,2025,2458.31
392804,PENDENTE_ENRIQUECIMENTO,2T,2025,2216.91
395480,PENDENTE_ENRIQUECIMENTO,2T,2025,13111362.08
401480,PENDENTE_ENRIQUECIMENTO,2T,2025,977107.56
403962,PENDENTE_ENRIQUECIMENTO,2T,2025,2268475.72
406635,PENDENTE_ENRIQUECIMENTO,2T,2025,104926.31
406945,PENDENTE_ENRIQUECIMENTO,2T,2025,63466.28
408034,PENDENTE_ENRIQUECIMENTO,2T,2025,260863.52
409791,PENDENTE_ENRIQUECIMENTO,2T,2025,3064.79
411256,PENDENTE_ENRIQUECIMENTO,2T,2025,19552487.6
413372,PENDENTE_ENRIQUECIMENTO,2T,2025,13198.05
415243,PENDENTE_ENRIQUECIMENTO,2T,2025,503.06
415944,PENDENTE_ENRIQUECIMENTO,2T,2025,276371.26
416495,PENDENTE_ENRIQUECIMENTO,2T,2025,383642.93
417106,PENDENTE_ENRIQUECIMENTO,2T,2025,43232.08
418218,PENDENTE_ENRIQUECIMENTO,2T,2025,1099.43
418226,PENDENTE_ENRIQUECIMENTO,2T,2025,8342170.54
418285,PENDENTE_ENRIQUECIMENTO,2T,2025,6346386.93
418374,PENDENTE_ENRIQUECIMENTO,2T,2025,5760.0
418501,PENDENTE_ENRIQUECIMENTO,2T,2025,8557718.31
418528,PENDENTE_ENRIQUECIMENTO,2T,2025,16103485.1
418536,PENDENTE_ENRIQUECIMENTO,2T,2025,54189.44
418552,PENDENTE_ENRIQUECIMENTO,2T,2025,389863.05
418587,PENDENTE_ENRIQUECIMENTO,2T,2025,34797343.99
371254,PENDENTE_ENRIQUECIMENTO,2T,2025,457900691.24
371629,PENDENTE_ENRIQUECIMENTO,2T,2025,570765.08
372561,PENDENTE_ENRIQUECIMENTO,2T,2025,2403038.73
382639,PENDENTE_ENRIQUECIMENTO,2T,2025,93666.13
386901,PENDENTE_ENRIQUECIMENTO,2T,2025,15535.92
406805,PENDENTE_ENRIQUECIMENTO,2T,2025,4954.67
407011,PENDENTE_ENRIQUECIMENTO,2T,2025,191424415.09
407569,PENDENTE_ENRIQUECIMENTO,2T,2025,52723.46
410292,PENDENTE_ENRIQUECIMENTO,2T,2025,352456.06
411582,PENDENTE_ENRIQUECIMENTO,2T,2025,10154317.28
412015,PENDENTE_ENRIQUECIMENTO,2T,2025,2017.39
412759,PENDENTE_ENRIQUECIMENTO,2T,2025,19442466.55
413283,PENDENTE_ENRIQUECIMENTO,2T,2025,99152.25
414204,PENDENTE_ENRIQUECIMENTO,2T,2025,4189.36
414387,PENDENTE_ENRIQUECIMENTO,2T,2025,1379182.76
414581,PENDENTE_ENRIQUECIMENTO,2T,2025,6659420.44
414662,PENDENTE_ENRIQUECIMENTO,2T,2025,9162742.34
414701,PENDENTE_ENRIQUECIMENTO,2T,2025,4757.01
415081,PENDENTE_ENRIQUECIMENTO,2T,2025,1497446.85
415626,PENDENTE_ENRIQUECIMENTO,2T,2025,3222.72
415910,PENDENTE_ENRIQUECIMENTO,2T,2025,1624383.95
415987,PENDENTE_ENRIQUECIMENTO,2T,2025,3.0
416690,PENDENTE_ENRIQUECIMENTO,2T,2025,143.7
416738,PENDENTE_ENRIQUECIMENTO,2T,2025,8463.0
417050,PENDENTE_ENRIQUECIMENTO,2T,2025,17334076.3
417530,PENDENTE_ENRIQUECIMENTO,2T,2025,6330529.59
417548,PENDENTE_ENRIQUECIMENTO,2T,2025,1926559.62
417599,PENDENTE_ENRIQUECIMENTO,2T,2025,4199.05
417602,PENDENTE_ENRIQUECIMENTO,2T,2025,36694.58
417611,PENDENTE_ENRIQUECIMENTO,2T,2025,20028.28
370681,PENDENTE_ENRIQUECIMENTO,2T,2025,70708.41
371106,PENDENTE_ENRIQUECIMENTO,2T,2025,13255643.05
372609,PENDENTE_ENRIQUECIMENTO,2T,2025,96498.14
373109,PENDENTE_ENRIQUECIMENTO,2T,2025,54488.56
379280,PENDENTE_ENRIQUECIMENTO,2T,2025,554573.2
384577,PENDENTE_ENRIQUECIMENTO,2T,2025,40995.24
385620,PENDENTE_ENRIQUECIMENTO,2T,2025,8042.87
394734,PENDENTE_ENRIQUECIMENTO,2T,2025,9610504.93
418820,PENDENTE_ENRIQUECIMENTO,2T,2025,5472128.05
418919,PENDENTE_ENRIQUECIMENTO,2T,2025,2140996.01
417661,PENDENTE_ENRIQUECIMENTO,2T,2025,225592.9
417718,PENDENTE_ENRIQUECIMENTO,2T,2025,111025.97
385255,PENDENTE_ENRIQUECIMENTO,2T,2025,101937746.94
408522,PENDENTE_ENRIQUECIMENTO,2T,2025,2047264.89
409413,PENDENTE_ENRIQUECIMENTO,2T,2025,97792.58
411248,PENDENTE_ENRIQUECIMENTO,2T,2025,23421.31
415065,PENDENTE_ENRIQUECIMENTO,2T,2025,28360981.08
415901,PENDENTE_ENRIQUECIMENTO,2T,2025,1280961.45
416568,PENDENTE_ENRIQUECIMENTO,2T,2025,2040913.44
416584,PENDENTE_ENRIQUECIMENTO,2T,2025,1010155.3
370088,PENDENTE_ENRIQUECIMENTO,2T,2025,217720.3
382281,PENDENTE_ENRIQUECIMENTO,2T,2025,73171.1
388092,PENDENTE_ENRIQUECIMENTO,2T,2025,67459.18
402966,PENDENTE_ENRIQUECIMENTO,2T,2025,404649.64
406554,PENDENTE_ENRIQUECIMENTO,2T,2025,26737610.07
406937,PENDENTE_ENRIQUECIMENTO,2T,2025,578688.82
417424,PENDENTE_ENRIQUECIMENTO,2T,2025,53635.25
310247,PENDENTE_ENRIQUECIMENTO,2T,2025,2182844.58
311359,PENDENTE_ENRIQUECIMENTO,2T,2025,141275.55
311944,PENDENTE_ENRIQUECIMENTO,2T,2025,1463661.88
313149,PENDENTE_ENRIQUECIMENTO,2T,2025,1965.06
313751,PENDENTE_ENRIQUECIMENTO,2T,2025,1287819.36
314668,PENDENTE_ENRIQUECIMENTO,2T,2025,6116104.02
315265,PENDENTE_ENRIQUECIMENTO,2T,2025,20110.47
316148,PENDENTE_ENRIQUECIMENTO,2T,2025,38395985.32
321320,PENDENTE_ENRIQUECIMENTO,2T,2025,218411.62
321338,PENDENTE_ENRIQUECIMENTO,2T,2025,10722739.11
321931,PENDENTE_ENRIQUECIMENTO,2T,2025,182278.53
321958,PENDENTE_ENRIQUECIMENTO,2T,2025,995892.15
300870,PENDENTE_ENRIQUECIMENTO,2T,2025,151186280.45
304484,PENDENTE_ENRIQUECIMENTO,2T,2025,144723.41
318477,PENDENTE_ENRIQUECIMENTO,2T,2025,169447.65
311057,PENDENTE_ENRIQUECIMENTO,2T,2025,78219.6
314251,PENDENTE_ENRIQUECIMENTO,2T,2025,41607808.48
314315,PENDENTE_ENRIQUECIMENTO,2T,2025,824638.78
314366,PENDENTE_ENRIQUECIMENTO,2T,2025,661448.22
315494,PENDENTE_ENRIQUECIMENTO,2T,2025,1189063.3
317012,PENDENTE_ENRIQUECIMENTO,2T,2025,1516919.72
302228,PENDENTE_ENRIQUECIMENTO,2T,2025,132.0
303739,PENDENTE_ENRIQUECIMENTO,2T,2025,1861750.22
304131,PENDENTE_ENRIQUECIMENTO,2T,2025,29992.94
306754,PENDENTE_ENRIQUECIMENTO,2T,2025,368294.23
311391,PENDENTE_ENRIQUECIMENTO,2T,2025,9489050.31
313475,PENDENTE_ENRIQUECIMENTO,2T,2025,104034.14
314242,PENDENTE_ENRIQUECIMENTO,2T,2025,28869248.22
316881,PENDENTE_ENRIQUECIMENTO,2T,2025,725037.29
316903,PENDENTE_ENRIQUECIMENTO,2T,2025,26186.3
316997,PENDENTE_ENRIQUECIMENTO,2T,2025,5651597.33
300730,PENDENTE_ENRIQUECIMENTO,2T,2025,4468590.92
421758,PENDENTE_ENRIQUECIMENTO,2T,2025,32077.87
422029,PENDENTE_ENRIQUECIMENTO,2T,2025,180445153.47
422126,PENDENTE_ENRIQUECIMENTO,2T,2025,1011507.38
422339,PENDENTE_ENRIQUECIMENTO,2T,2025,1263346.05
422398,PENDENTE_ENRIQUECIMENTO,2T,2025,71694232.63
422584,PENDENTE_ENRIQUECIMENTO,2T,2025,8176360.21
422746,PENDENTE_ENRIQUECIMENTO,2T,2025,2631672.84
422835,PENDENTE_ENRIQUECIMENTO,2T,2025,75847.5
423203,PENDENTE_ENRIQUECIMENTO,2T,2025,3336985.37
423441,PENDENTE_ENRIQUECIMENTO,2T,2025,30342.77
423505,PENDENTE_ENRIQUECIMENTO,2T,2025,64947.02
423564,PENDENTE_ENRIQUECIMENTO,2T,2025,902.37
423572,PENDENTE_ENRIQUECIMENTO,2T,2025,92198.11
423645,PENDENTE_ENRIQUECIMENTO,2T,2025,2950024.81
423718,PENDENTE_ENRIQUECIMENTO,2T,2025,15066812.68
423815,PENDENTE_ENRIQUECIMENTO,2T,2025,499.35
419079,PENDENTE_ENRIQUECIMENTO,2T,2025,2596252.22
419141,PENDENTE_ENRIQUECIMENTO,2T,2025,1765858.53
419150,PENDENTE_ENRIQUECIMENTO,2T,2025,20909.56
419281,PENDENTE_ENRIQUECIMENTO,2T,2025,5496.77
419419,PENDENTE_ENRIQUECIMENTO,2T,2025,594439.16
419567,PENDENTE_ENRIQUECIMENTO,2T,2025,30616.48
419851,PENDENTE_ENRIQUECIMENTO,2T,2025,6971486.89
420000,PENDENTE_ENRIQUECIMENTO,2T,2025,60955.63
420166,PENDENTE_ENRIQUECIMENTO,2T,2025,2107276.13
420271,PENDENTE_ENRIQUECIMENTO,2T,2025,216302.27
421154,PENDENTE_ENRIQUECIMENTO,2T,2025,7739158.72
421341,PENDENTE_ENRIQUECIMENTO,2T,2025,58634072.71
421421,PENDENTE_ENRIQUECIMENTO,2T,2025,142479905.75
421766,PENDENTE_ENRIQUECIMENTO,2T,2025,2941.5
423777,PENDENTE_ENRIQUECIMENTO,2T,2025,203416.99
423912,PENDENTE_ENRIQUECIMENTO,2T,2025,89500.0
418986,PENDENTE_ENRIQUECIMENTO,2T,2025,8585730.45
420107,PENDENTE_ENRIQUECIMENTO,2T,2025,4629268.0
420859,PENDENTE_ENRIQUECIMENTO,2T,2025,18532435.11
421715,PENDENTE_ENRIQUECIMENTO,2T,2025,202320.46
421944,PENDENTE_ENRIQUECIMENTO,2T,2025,592138.07
422321,PENDENTE_ENRIQUECIMENTO,2T,2025,11565.1
422380,PENDENTE_ENRIQUECIMENTO,2T,2025,27055.01
422720,PENDENTE_ENRIQUECIMENTO,2T,2025,7759125.45
422827,PENDENTE_ENRIQUECIMENTO,2T,2025,65871.6
423181,PENDENTE_ENRIQUECIMENTO,2T,2025,44000.7
423319,PENDENTE_ENRIQUECIMENTO,2T,2025,132926.26
423335,PENDENTE_ENRIQUECIMENTO,2T,2025,2550.0
423432,PENDENTE_ENRIQUECIMENTO,2T,2025,184286.19
423629,PENDENTE_ENRIQUECIMENTO,2T,2025,1003103.39
423700,PENDENTE_ENRIQUECIMENTO,2T,2025,10611.39
423858,PENDENTE_ENRIQUECIMENTO,2T,2025,0.01
423882,PENDENTE_ENRIQUECIMENTO,2T,2025,813.46
418960,PENDENTE_ENRIQUECIMENTO,2T,2025,1285243.7
419052,PENDENTE_ENRIQUECIMENTO,2T,2025,3681191.93
419524,PENDENTE_ENRIQUECIMENTO,2T,2025,9978.1
419753,PENDENTE_ENRIQUECIMENTO,2T,2025,109287.27
420093,PENDENTE_ENRIQUECIMENTO,2T,2025,1871073.55
421243,PENDENTE_ENRIQUECIMENTO,2T,2025,43074.0
421740,PENDENTE_ENRIQUECIMENTO,2T,2025,6892776.79
424145,PENDENTE_ENRIQUECIMENTO,2T,2025,815.67
421731,PENDENTE_ENRIQUECIMENTO,2T,2025,78526407.56
422088,PENDENTE_ENRIQUECIMENTO,2T,2025,162076.87
423173,PENDENTE_ENRIQUECIMENTO,2T,2025,4849526.14
423351,PENDENTE_ENRIQUECIMENTO,2T,2025,297247.1
423548,PENDENTE_ENRIQUECIMENTO,2T,2025,528759.28
419389,PENDENTE_ENRIQUECIMENTO,2T,2025,336893.51
419974,PENDENTE_ENRIQUECIMENTO,2T,2025,14011.93
420085,PENDENTE_ENRIQUECIMENTO,2T,2025,115643.92
421405,PENDENTE_ENRIQUECIMENTO,2T,2025,2831245.76
421642,PENDENTE_ENRIQUECIMENTO,2T,2025,46260.53
422401,PENDENTE_ENRIQUECIMENTO,2T,2025,72064.85
423017,PENDENTE_ENRIQUECIMENTO,2T,2025,3105.0
423327,PENDENTE_ENRIQUECIMENTO,2T,2025,51796.23
423661,PENDENTE_ENRIQUECIMENTO,2T,2025,48398098.43
424129,PENDENTE_ENRIQUECIMENTO,2T,2025,96899256.94
421006,PENDENTE_ENRIQUECIMENTO,2T,2025,31384721.19
421375,PENDENTE_ENRIQUECIMENTO,2T,2025,8396.04
423513,PENDENTE_ENRIQUECIMENTO,2T,2025,134780.8
423521,PENDENTE_ENRIQUECIMENTO,2T,2025,1.0
410128,PENDENTE_ENRIQUECIMENTO,2T,2025,37072.41
411868,PENDENTE_ENRIQUECIMENTO,2T,2025,12454.44
412635,PENDENTE_ENRIQUECIMENTO,2T,2025,13925898.14
413518,PENDENTE_ENRIQUECIMENTO,2T,2025,2152.5
414026,PENDENTE_ENRIQUECIMENTO,2T,2025,4255566.29
414352,PENDENTE_ENRIQUECIMENTO,2T,2025,7416730.64
414573,PENDENTE_ENRIQUECIMENTO,2T,2025,3200.46
417475,PENDENTE_ENRIQUECIMENTO,2T,2025,10947.45
417491,PENDENTE_ENRIQUECIMENTO,2T,2025,50050.54
417505,PENDENTE_ENRIQUECIMENTO,2T,2025,2699906.25
418803,PENDENTE_ENRIQUECIMENTO,2T,2025,1074713.87
417696,PENDENTE_ENRIQUECIMENTO,2T,2025,2267029.54
417815,PENDENTE_ENRIQUECIMENTO,2T,2025,20608.78
417831,PENDENTE_ENRIQUECIMENTO,2T,2025,18687.48
370975,PENDENTE_ENRIQUECIMENTO,2T,2025,8.77
381144,PENDENTE_ENRIQUECIMENTO,2T,2025,370167.8
382655,PENDENTE_ENRIQUECIMENTO,2T,2025,15216.94
386588,PENDENTE_ENRIQUECIMENTO,2T,2025,333150.97
393533,PENDENTE_ENRIQUECIMENTO,2T,2025,3320580.5
401081,PENDENTE_ENRIQUECIMENTO,2T,2025,2968168.32
407534,PENDENTE_ENRIQUECIMENTO,2T,2025,284479.96
418137,PENDENTE_ENRIQUECIMENTO,2T,2025,2555804.51
418170,PENDENTE_ENRIQUECIMENTO,2T,2025,2238583.79
418196,PENDENTE_ENRIQUECIMENTO,2T,2025,24756.23
408263,PENDENTE_ENRIQUECIMENTO,2T,2025,974253.35
409405,PENDENTE_ENRIQUECIMENTO,2T,2025,2356692.62
410888,PENDENTE_ENRIQUECIMENTO,2T,2025,338288.44
412295,PENDENTE_ENRIQUECIMENTO,2T,2025,38557.84
413267,PENDENTE_ENRIQUECIMENTO,2T,2025,1308600.49
413747,PENDENTE_ENRIQUECIMENTO,2T,2025,8145.39
416401,PENDENTE_ENRIQUECIMENTO,2T,2025,9684.21
416525,PENDENTE_ENRIQUECIMENTO,2T,2025,131267.52
417289,PENDENTE_ENRIQUECIMENTO,2T,2025,136256356.36
417297,PENDENTE_ENRIQUECIMENTO,2T,2025,122003.76
417301,PENDENTE_ENRIQUECIMENTO,2T,2025,21985353.39
417459,PENDENTE_ENRIQUECIMENTO,2T,2025,15190066.94
387185,PENDENTE_ENRIQUECIMENTO,2T,2025,18093056.52
402206,PENDENTE_ENRIQUECIMENTO,2T,2025,14075598.05
406481,PENDENTE_ENRIQUECIMENTO,2T,2025,22865497.63
418731,PENDENTE_ENRIQUECIMENTO,2T,2025,364326.56
418749,PENDENTE_ENRIQUECIMENTO,2T,2025,1236420.09
408093,PENDENTE_ENRIQUECIMENTO,2T,2025,2229920.12
409286,PENDENTE_ENRIQUECIMENTO,2T,2025,164.63
410110,PENDENTE_ENRIQUECIMENTO,2T,2025,30802023.21
411809,PENDENTE_ENRIQUECIMENTO,2T,2025,6184864.62
413160,PENDENTE_ENRIQUECIMENTO,2T,2025,3.38
413429,PENDENTE_ENRIQUECIMENTO,2T,2025,16021675.64
414310,PENDENTE_ENRIQUECIMENTO,2T,2025,139447.02
415774,PENDENTE_ENRIQUECIMENTO,2T,2025,10939.53
418617,PENDENTE_ENRIQUECIMENTO,2T,2025,22514377.41
418650,PENDENTE_ENRIQUECIMENTO,2T,2025,18321464.03
418692,PENDENTE_ENRIQUECIMENTO,2T,2025,2682.55
418706,PENDENTE_ENRIQUECIMENTO,2T,2025,79270.13
417131,PENDENTE_ENRIQUECIMENTO,2T,2025,3056773.68
417165,PENDENTE_ENRIQUECIMENTO,2T,2025,51105.23
417173,PENDENTE_ENRIQUECIMENTO,2T,2025,422549546.2
417211,PENDENTE_ENRIQUECIMENTO,2T,2025,38754788.74
417220,PENDENTE_ENRIQUECIMENTO,2T,2025,5127.01
378216,PENDENTE_ENRIQUECIMENTO,2T,2025,1065.0
380661,PENDENTE_ENRIQUECIMENTO,2T,2025,1574301.95
390259,PENDENTE_ENRIQUECIMENTO,2T,2025,5888329.2
393321,PENDENTE_ENRIQUECIMENTO,2T,2025,104787592.91
397245,PENDENTE_ENRIQUECIMENTO,2T,2025,69987.23
402001,PENDENTE_ENRIQUECIMENTO,2T,2025,305137.99
406813,PENDENTE_ENRIQUECIMENTO,2T,2025,2536087.85
407224,PENDENTE_ENRIQUECIMENTO,2T,2025,2568678.54
417122,PENDENTE_ENRIQUECIMENTO,2T,2025,2609649.23
410624,PENDENTE_ENRIQUECIMENTO,2T,2025,67537.96
412252,PENDENTE_ENRIQUECIMENTO,2T,2025,49875.14
418595,PENDENTE_ENRIQUECIMENTO,2T,2025,575198.56
370592,PENDENTE_ENRIQUECIMENTO,2T,2025,930854.24
389854,PENDENTE_ENRIQUECIMENTO,2T,2025,179021.84
404241,PENDENTE_ENRIQUECIMENTO,2T,2025,20254.87
413721,PENDENTE_ENRIQUECIMENTO,2T,2025,588641.85
417751,PENDENTE_ENRIQUECIMENTO,2T,2025,63630.16
333689,PENDENTE_ENRIQUECIMENTO,2T,2025,31242031.54
334154,PENDENTE_ENRIQUECIMENTO,2T,2025,380212.31
334511,PENDENTE_ENRIQUECIMENTO,2T,2025,1621.89
334847,PENDENTE_ENRIQUECIMENTO,2T,2025,14445.34
335215,PENDENTE_ENRIQUECIMENTO,2T,2025,233261.23
335479,PENDENTE_ENRIQUECIMENTO,2T,2025,254795557.66
335541,PENDENTE_ENRIQUECIMENTO,2T,2025,2204853.35
335614,PENDENTE_ENRIQUECIMENTO,2T,2025,1480395.73
335690,PENDENTE_ENRIQUECIMENTO,2T,2025,35873.59
336106,PENDENTE_ENRIQUECIMENTO,2T,2025,2920748.12
336831,PENDENTE_ENRIQUECIMENTO,2T,2025,78121161.97
337374,PENDENTE_ENRIQUECIMENTO,2T,2025,3405313.62
337561,PENDENTE_ENRIQUECIMENTO,2T,2025,35183.6
342157,PENDENTE_ENRIQUECIMENTO,2T,2025,63485.63
342343,PENDENTE_ENRIQUECIMENTO,2T,2025,57985731.33
343684,PENDENTE_ENRIQUECIMENTO,2T,2025,1775693.31
343722,PENDENTE_ENRIQUECIMENTO,2T,2025,11001285.15
343731,PENDENTE_ENRIQUECIMENTO,2T,2025,3054644.2
343765,PENDENTE_ENRIQUECIMENTO,2T,2025,151678.51
345598,PENDENTE_ENRIQUECIMENTO,2T,2025,309501.23
345709,PENDENTE_ENRIQUECIMENTO,2T,2025,389099.03
343889,PENDENTE_ENRIQUECIMENTO,2T,2025,71610942.31
344141,PENDENTE_ENRIQUECIMENTO,2T,2025,4535123.63
344184,PENDENTE_ENRIQUECIMENTO,2T,2025,107773.72
344362,PENDENTE_ENRIQUECIMENTO,2T,2025,935356.1
323004,PENDENTE_ENRIQUECIMENTO,2T,2025,1642.95
323268,PENDENTE_ENRIQUECIMENTO,2T,2025,443992.65
323926,PENDENTE_ENRIQUECIMENTO,2T,2025,1474897.79
323993,PENDENTE_ENRIQUECIMENTO,2T,2025,4551734.78
324175,PENDENTE_ENRIQUECIMENTO,2T,2025,17763.98
324213,PENDENTE_ENRIQUECIMENTO,2T,2025,254601.11
324361,PENDENTE_ENRIQUECIMENTO,2T,2025,1826519.22
324566,PENDENTE_ENRIQUECIMENTO,2T,2025,2903591.6
325571,PENDENTE_ENRIQUECIMENTO,2T,2025,713762.22
326305,PENDENTE_ENRIQUECIMENTO,2T,2025,94425354.91
326755,PENDENTE_ENRIQUECIMENTO,2T,2025,1697839.56
327352,PENDENTE_ENRIQUECIMENTO,2T,2025,297626.51
327468,PENDENTE_ENRIQUECIMENTO,2T,2025,229584.06
327689,PENDENTE_ENRIQUECIMENTO,2T,2025,1028648.91
328308,PENDENTE_ENRIQUECIMENTO,2T,2025,926018.35
328537,PENDENTE_ENRIQUECIMENTO,2T,2025,4585358.82
329355,PENDENTE_ENRIQUECIMENTO,2T,2025,22404.96
330108,PENDENTE_ENRIQUECIMENTO,2T,2025,75752607.33
330281,PENDENTE_ENRIQUECIMENTO,2T,2025,109065.01
331104,PENDENTE_ENRIQUECIMENTO,2T,2025,962.67
331651,PENDENTE_ENRIQUECIMENTO,2T,2025,2017926.82
331872,PENDENTE_ENRIQUECIMENTO,2T,2025,442562.84
333051,PENDENTE_ENRIQUECIMENTO,2T,2025,11046234.45
334561,PENDENTE_ENRIQUECIMENTO,2T,2025,20072145.15
336858,PENDENTE_ENRIQUECIMENTO,2T,2025,3145749.32
344397,PENDENTE_ENRIQUECIMENTO,2T,2025,7958142.68
344451,PENDENTE_ENRIQUECIMENTO,2T,2025,36251.52
344729,PENDENTE_ENRIQUECIMENTO,2T,2025,4061722.24
344788,PENDENTE_ENRIQUECIMENTO,2T,2025,73806.63
324159,PENDENTE_ENRIQUECIMENTO,2T,2025,13.28
324299,PENDENTE_ENRIQUECIMENTO,2T,2025,20008813.53
325082,PENDENTE_ENRIQUECIMENTO,2T,2025,6740037.28
325236,PENDENTE_ENRIQUECIMENTO,2T,2025,62070029.66
329665,PENDENTE_ENRIQUECIMENTO,2T,2025,12330.39
333239,PENDENTE_ENRIQUECIMENTO,2T,2025,1106860.2
333875,PENDENTE_ENRIQUECIMENTO,2T,2025,145240149.49
337188,PENDENTE_ENRIQUECIMENTO,2T,2025,1624030.55
342033,PENDENTE_ENRIQUECIMENTO,2T,2025,3787754.66
342131,PENDENTE_ENRIQUECIMENTO,2T,2025,309791.04
343056,PENDENTE_ENRIQUECIMENTO,2T,2025,4425815.56
343064,PENDENTE_ENRIQUECIMENTO,2T,2025,404596.34
343129,PENDENTE_ENRIQUECIMENTO,2T,2025,5464.84
343153,PENDENTE_ENRIQUECIMENTO,2T,2025,14977615.94
343269,PENDENTE_ENRIQUECIMENTO,2T,2025,1796649.31
343404,PENDENTE_ENRIQUECIMENTO,2T,2025,2815852.72
344800,PENDENTE_ENRIQUECIMENTO,2T,2025,4833086.12
344885,PENDENTE_ENRIQUECIMENTO,2T,2025,3679394.16
343463,PENDENTE_ENRIQUECIMENTO,2T,2025,24867191.27
343676,PENDENTE_ENRIQUECIMENTO,2T,2025,49157325.88
323080,PENDENTE_ENRIQUECIMENTO,2T,2025,5164412.43
324345,PENDENTE_ENRIQUECIMENTO,2T,2025,5487297.93
324523,PENDENTE_ENRIQUECIMENTO,2T,2025,12478.11
325031,PENDENTE_ENRIQUECIMENTO,2T,2025,118958.14
325465,PENDENTE_ENRIQUECIMENTO,2T,2025,14603.95
326500,PENDENTE_ENRIQUECIMENTO,2T,2025,1735430.12
327417,PENDENTE_ENRIQUECIMENTO,2T,2025,132506.93
328294,PENDENTE_ENRIQUECIMENTO,2T,2025,454714.72
328375,PENDENTE_ENRIQUECIMENTO,2T,2025,57047.2
330892,PENDENTE_ENRIQUECIMENTO,2T,2025,1245675.66
331341,PENDENTE_ENRIQUECIMENTO,2T,2025,7229514.06
343331,PENDENTE_ENRIQUECIMENTO,2T,2025,45252924.06
344915,PENDENTE_ENRIQUECIMENTO,2T,2025,26180.12
345091,PENDENTE_ENRIQUECIMENTO,2T,2025,53683.48
345458,PENDENTE_ENRIQUECIMENTO,2T,2025,2566142.73
353264,PENDENTE_ENRIQUECIMENTO,2T,2025,8647.18
354295,PENDENTE_ENRIQUECIMENTO,2T,2025,6543502.75
354511,PENDENTE_ENRIQUECIMENTO,2T,2025,1582483.8
355593,PENDENTE_ENRIQUECIMENTO,2T,2025,373453.03
355721,PENDENTE_ENRIQUECIMENTO,2T,2025,2366393.04
357715,PENDENTE_ENRIQUECIMENTO,2T,2025,1089754.67
358096,PENDENTE_ENRIQUECIMENTO,2T,2025,2171574.86
361615,PENDENTE_ENRIQUECIMENTO,2T,2025,1761377.32
367087,PENDENTE_ENRIQUECIMENTO,2T,2025,4498893.7
347507,PENDENTE_ENRIQUECIMENTO,2T,2025,6819037.91
360414,PENDENTE_ENRIQUECIMENTO,2T,2025,78515.58
367397,PENDENTE_ENRIQUECIMENTO,2T,2025,236770831.28
367613,PENDENTE_ENRIQUECIMENTO,2T,2025,206886.01
368148,PENDENTE_ENRIQUECIMENTO,2T,2025,64773.42
368253,PENDENTE_ENRIQUECIMENTO,2T,2025,36813718.47
368555,PENDENTE_ENRIQUECIMENTO,2T,2025,100127.4
346276,PENDENTE_ENRIQUECIMENTO,2T,2025,9681390.25
347736,PENDENTE_ENRIQUECIMENTO,2T,2025,159543.63
350770,PENDENTE_ENRIQUECIMENTO,2T,2025,322.65
351407,PENDENTE_ENRIQUECIMENTO,2T,2025,2939743.3
352314,PENDENTE_ENRIQUECIMENTO,2T,2025,4068461.69
354996,PENDENTE_ENRIQUECIMENTO,2T,2025,9934.6
356123,PENDENTE_ENRIQUECIMENTO,2T,2025,110703868.53
356476,PENDENTE_ENRIQUECIMENTO,2T,2025,14526.14
358436,PENDENTE_ENRIQUECIMENTO,2T,2025,207645.19
359017,PENDENTE_ENRIQUECIMENTO,2T,2025,4780798.3
359289,PENDENTE_ENRIQUECIMENTO,2T,2025,133904772.0
362832,PENDENTE_ENRIQUECIMENTO,2T,2025,2017.02
363189,PENDENTE_ENRIQUECIMENTO,2T,2025,2840.68
347825,PENDENTE_ENRIQUECIMENTO,2T,2025,7092939.26
348261,PENDENTE_ENRIQUECIMENTO,2T,2025,1878790.29
351202,PENDENTE_ENRIQUECIMENTO,2T,2025,368804.48
352543,PENDENTE_ENRIQUECIMENTO,2T,2025,42710520.4
353698,PENDENTE_ENRIQUECIMENTO,2T,2025,92020.11
364860,PENDENTE_ENRIQUECIMENTO,2T,2025,6651397.78
315583,PENDENTE_ENRIQUECIMENTO,2T,2025,14181241.27
316849,PENDENTE_ENRIQUECIMENTO,2T,2025,3967.35
318035,PENDENTE_ENRIQUECIMENTO,2T,2025,617227.12
318213,PENDENTE_ENRIQUECIMENTO,2T,2025,46518.69
318299,PENDENTE_ENRIQUECIMENTO,2T,2025,328268624.28
318388,PENDENTE_ENRIQUECIMENTO,2T,2025,274722.43
309028,PENDENTE_ENRIQUECIMENTO,2T,2025,64768527.45
333662,PENDENTE_ENRIQUECIMENTO,2T,2025,12888983.25
334243,PENDENTE_ENRIQUECIMENTO,2T,2025,246948.35
335100,PENDENTE_ENRIQUECIMENTO,2T,2025,39484.49
336017,PENDENTE_ENRIQUECIMENTO,2T,2025,3980374.95
337498,PENDENTE_ENRIQUECIMENTO,2T,2025,203897.41
340782,PENDENTE_ENRIQUECIMENTO,2T,2025,6540288.77
340952,PENDENTE_ENRIQUECIMENTO,2T,2025,12970.64
341941,PENDENTE_ENRIQUECIMENTO,2T,2025,22703956.13
342084,PENDENTE_ENRIQUECIMENTO,2T,2025,26031878.88
345318,PENDENTE_ENRIQUECIMENTO,2T,2025,33247.31
342955,PENDENTE_ENRIQUECIMENTO,2T,2025,4553732.21
322890,PENDENTE_ENRIQUECIMENTO,2T,2025,1160555.96
323357,PENDENTE_ENRIQUECIMENTO,2T,2025,167086.47
324493,PENDENTE_ENRIQUECIMENTO,2T,2025,1426129.4
327638,PENDENTE_ENRIQUECIMENTO,2T,2025,359581.58
329339,PENDENTE_ENRIQUECIMENTO,2T,2025,8245.53
330264,PENDENTE_ENRIQUECIMENTO,2T,2025,5925654.76
333867,PENDENTE_ENRIQUECIMENTO,2T,2025,140666.84
335258,PENDENTE_ENRIQUECIMENTO,2T,2025,10909827.91
335592,PENDENTE_ENRIQUECIMENTO,2T,2025,37562134.69
336467,PENDENTE_ENRIQUECIMENTO,2T,2025,318731.37
339679,PENDENTE_ENRIQUECIMENTO,2T,2025,3180.44
339954,PENDENTE_ENRIQUECIMENTO,2T,2025,2129940.91
340251,PENDENTE_ENRIQUECIMENTO,2T,2025,773138.39
342203,PENDENTE_ENRIQUECIMENTO,2T,2025,87633.01
323942,PENDENTE_ENRIQUECIMENTO,2T,2025,136602.85
327328,PENDENTE_ENRIQUECIMENTO,2T,2025,8579.32
329886,PENDENTE_ENRIQUECIMENTO,2T,2025,1316923.59
330809,PENDENTE_ENRIQUECIMENTO,2T,2025,49259498.86
340162,PENDENTE_ENRIQUECIMENTO,2T,2025,652563.91
352683,PENDENTE_ENRIQUECIMENTO,2T,2025,13711018.42
353353,PENDENTE_ENRIQUECIMENTO,2T,2025,487609.91
354562,PENDENTE_ENRIQUECIMENTO,2T,2025,659616.11
355151,PENDENTE_ENRIQUECIMENTO,2T,2025,1051483.66
358339,PENDENTE_ENRIQUECIMENTO,2T,2025,15892.11
359122,PENDENTE_ENRIQUECIMENTO,2T,2025,77697.98
361569,PENDENTE_ENRIQUECIMENTO,2T,2025,8538.9
365530,PENDENTE_ENRIQUECIMENTO,2T,2025,308318.71
365645,PENDENTE_ENRIQUECIMENTO,2T,2025,75231.25
365785,PENDENTE_ENRIQUECIMENTO,2T,2025,1724.1
367095,PENDENTE_ENRIQUECIMENTO,2T,2025,6262710.58
349534,PENDENTE_ENRIQUECIMENTO,2T,2025,1946418.14
350371,PENDENTE_ENRIQUECIMENTO,2T,2025,2872792.82
354678,PENDENTE_ENRIQUECIMENTO,2T,2025,356836.01
362140,PENDENTE_ENRIQUECIMENTO,2T,2025,2755.77
363286,PENDENTE_ENRIQUECIMENTO,2T,2025,1489782.13
363391,PENDENTE_ENRIQUECIMENTO,2T,2025,627647.87
363855,PENDENTE_ENRIQUECIMENTO,2T,2025,54713245.1
346951,PENDENTE_ENRIQUECIMENTO,2T,2025,263659.07
364070,PENDENTE_ENRIQUECIMENTO,2T,2025,40920.51
364312,PENDENTE_ENRIQUECIMENTO,2T,2025,2659017.55
364584,PENDENTE_ENRIQUECIMENTO,2T,2025,124930.37
364592,PENDENTE_ENRIQUECIMENTO,2T,2025,1569485.71
356417,PENDENTE_ENRIQUECIMENTO,2T,2025,849186.58
346004,PENDENTE_ENRIQUECIMENTO,2T,2025,15965516.31
347604,PENDENTE_ENRIQUECIMENTO,2T,2025,1317099.84
347795,PENDENTE_ENRIQUECIMENTO,2T,2025,933794.98
350249,PENDENTE_ENRIQUECIMENTO,2T,2025,39459076.44
368920,PENDENTE_ENRIQUECIMENTO,2T,2025,1426366.57
365238,PENDENTE_ENRIQUECIMENTO,2T,2025,43434200.19
335517,PENDENTE_ENRIQUECIMENTO,2T,2025,7903.0
335789,PENDENTE_ENRIQUECIMENTO,2T,2025,17402853.42
338648,PENDENTE_ENRIQUECIMENTO,2T,2025,103939964.63
341819,PENDENTE_ENRIQUECIMENTO,2T,2025,127672.12
323055,PENDENTE_ENRIQUECIMENTO,2T,2025,34.96
324477,PENDENTE_ENRIQUECIMENTO,2T,2025,35918.66
326861,PENDENTE_ENRIQUECIMENTO,2T,2025,225339959.28
327557,PENDENTE_ENRIQUECIMENTO,2T,2025,1.7
328031,PENDENTE_ENRIQUECIMENTO,2T,2025,565784.94
330566,PENDENTE_ENRIQUECIMENTO,2T,2025,5165719.13
331988,PENDENTE_ENRIQUECIMENTO,2T,2025,143.51
333808,PENDENTE_ENRIQUECIMENTO,2T,2025,64192.02
335754,PENDENTE_ENRIQUECIMENTO,2T,2025,273617.66
337871,PENDENTE_ENRIQUECIMENTO,2T,2025,318486.78
338346,PENDENTE_ENRIQUECIMENTO,2T,2025,163484.55
339458,PENDENTE_ENRIQUECIMENTO,2T,2025,5826557.64
342556,PENDENTE_ENRIQUECIMENTO,2T,2025,4102770.81
342611,PENDENTE_ENRIQUECIMENTO,2T,2025,7993966.2
342807,PENDENTE_ENRIQUECIMENTO,2T,2025,4526723.01
330116,PENDENTE_ENRIQUECIMENTO,2T,2025,162224748.52
331317,PENDENTE_ENRIQUECIMENTO,2T,2025,20071.49
335657,PENDENTE_ENRIQUECIMENTO,2T,2025,23567.08
337668,PENDENTE_ENRIQUECIMENTO,2T,2025,334807638.71
342386,PENDENTE_ENRIQUECIMENTO,2T,2025,181404.18
369292,PENDENTE_ENRIQUECIMENTO,2T,2025,3861284.91
369411,PENDENTE_ENRIQUECIMENTO,2T,2025,2554221.07
366561,PENDENTE_ENRIQUECIMENTO,2T,2025,5714063.9
422053,PENDENTE_ENRIQUECIMENTO,2T,2025,0.17
423921,PENDENTE_ENRIQUECIMENTO,2T,2025,376.33
424161,PENDENTE_ENRIQUECIMENTO,2T,2025,19679.4
424170,PENDENTE_ENRIQUECIMENTO,2T,2025,508.02
424196,PENDENTE_ENRIQUECIMENTO,2T,2025,1.0
424234,PENDENTE_ENRIQUECIMENTO,2T,2025,25471.69
424421,PENDENTE_ENRIQUECIMENTO,2T,2025,659197.48
419095,PENDENTE_ENRIQUECIMENTO,2T,2025,11335977.7
419427,PENDENTE_ENRIQUECIMENTO,2T,2025,6844.79
419907,PENDENTE_ENRIQUECIMENTO,2T,2025,1529493.46
420701,PENDENTE_ENRIQUECIMENTO,2T,2025,3081259.14
420930,PENDENTE_ENRIQUECIMENTO,2T,2025,527939.43
421359,PENDENTE_ENRIQUECIMENTO,2T,2025,9203601.46
421561,PENDENTE_ENRIQUECIMENTO,2T,2025,92.9
423939,PENDENTE_ENRIQUECIMENTO,2T,2025,2.0
424013,PENDENTE_ENRIQUECIMENTO,2T,2025,143191.7
424285,PENDENTE_ENRIQUECIMENTO,2T,2025,600058.65
424439,PENDENTE_ENRIQUECIMENTO,2T,2025,5702.66
422592,PENDENTE_ENRIQUECIMENTO,2T,2025,251043.82
422754,PENDENTE_ENRIQUECIMENTO,2T,2025,418223.88
423785,PENDENTE_ENRIQUECIMENTO,2T,2025,2303564.53
418994,PENDENTE_ENRIQUECIMENTO,2T,2025,41601.96
419869,PENDENTE_ENRIQUECIMENTO,2T,2025,2608821.75
422860,PENDENTE_ENRIQUECIMENTO,2T,2025,38779.39
423831,PENDENTE_ENRIQUECIMENTO,2T,2025,2.0
344800,PENDENTE_ENRIQUECIMENTO,3T,2025,292715635.6
344915,PENDENTE_ENRIQUECIMENTO,3T,2025,50521.66
345458,PENDENTE_ENRIQUECIMENTO,3T,2025,323968.64
345709,PENDENTE_ENRIQUECIMENTO,3T,2025,1335975.75
345776,PENDENTE_ENRIQUECIMENTO,3T,2025,14343821.4
346926,PENDENTE_ENRIQUECIMENTO,3T,2025,61599504.67
347507,PENDENTE_ENRIQUECIMENTO,3T,2025,215005674.49
347736,PENDENTE_ENRIQUECIMENTO,3T,2025,39165255.18
348082,PENDENTE_ENRIQUECIMENTO,3T,2025,2436303.36
348244,PENDENTE_ENRIQUECIMENTO,3T,2025,65.4
348295,PENDENTE_ENRIQUECIMENTO,3T,2025,5524417.95
324566,PENDENTE_ENRIQUECIMENTO,3T,2025,228704.89
325031,PENDENTE_ENRIQUECIMENTO,3T,2025,883043.64
325236,PENDENTE_ENRIQUECIMENTO,3T,2025,330989.44
325571,PENDENTE_ENRIQUECIMENTO,3T,2025,1418062.37
326305,PENDENTE_ENRIQUECIMENTO,3T,2025,27834669.98
326861,PENDENTE_ENRIQUECIMENTO,3T,2025,393807.71
327352,PENDENTE_ENRIQUECIMENTO,3T,2025,2156896.59
327557,PENDENTE_ENRIQUECIMENTO,3T,2025,1046291.18
327689,PENDENTE_ENRIQUECIMENTO,3T,2025,892002.37
328308,PENDENTE_ENRIQUECIMENTO,3T,2025,52959.06
329339,PENDENTE_ENRIQUECIMENTO,3T,2025,1277236.11
329886,PENDENTE_ENRIQUECIMENTO,3T,2025,286237.09
330116,PENDENTE_ENRIQUECIMENTO,3T,2025,32275.84
330566,PENDENTE_ENRIQUECIMENTO,3T,2025,5605756.16
331317,PENDENTE_ENRIQUECIMENTO,3T,2025,3633.48
331872,PENDENTE_ENRIQUECIMENTO,3T,2025,9579671.3
333239,PENDENTE_ENRIQUECIMENTO,3T,2025,5782.14
333689,PENDENTE_ENRIQUECIMENTO,3T,2025,1032762.39
334154,PENDENTE_ENRIQUECIMENTO,3T,2025,878038.81
334511,PENDENTE_ENRIQUECIMENTO,3T,2025,175890.04
334561,PENDENTE_ENRIQUECIMENTO,3T,2025,20052928.38
334847,PENDENTE_ENRIQUECIMENTO,3T,2025,484934.59
335479,PENDENTE_ENRIQUECIMENTO,3T,2025,270961.33
335541,PENDENTE_ENRIQUECIMENTO,3T,2025,7084178.8
335614,PENDENTE_ENRIQUECIMENTO,3T,2025,10307744.95
335690,PENDENTE_ENRIQUECIMENTO,3T,2025,62076.12
336106,PENDENTE_ENRIQUECIMENTO,3T,2025,2783727.07
336831,PENDENTE_ENRIQUECIMENTO,3T,2025,237205337.51
337188,PENDENTE_ENRIQUECIMENTO,3T,2025,6169860.77
337561,PENDENTE_ENRIQUECIMENTO,3T,2025,94379.38
337871,PENDENTE_ENRIQUECIMENTO,3T,2025,1201350.43
338648,PENDENTE_ENRIQUECIMENTO,3T,2025,539.38
339679,PENDENTE_ENRIQUECIMENTO,3T,2025,130852.88
340952,PENDENTE_ENRIQUECIMENTO,3T,2025,8106.62
342033,PENDENTE_ENRIQUECIMENTO,3T,2025,13427359.31
342084,PENDENTE_ENRIQUECIMENTO,3T,2025,1186263.95
342203,PENDENTE_ENRIQUECIMENTO,3T,2025,54546.38
342386,PENDENTE_ENRIQUECIMENTO,3T,2025,12057.04
342807,PENDENTE_ENRIQUECIMENTO,3T,2025,4625919.21
343064,PENDENTE_ENRIQUECIMENTO,3T,2025,73862859.22
343269,PENDENTE_ENRIQUECIMENTO,3T,2025,1552084.03
343676,PENDENTE_ENRIQUECIMENTO,3T,2025,1426275.07
343722,PENDENTE_ENRIQUECIMENTO,3T,2025,16928015.42
343765,PENDENTE_ENRIQUECIMENTO,3T,2025,63221.64
343889,PENDENTE_ENRIQUECIMENTO,3T,2025,119594209.22
344141,PENDENTE_ENRIQUECIMENTO,3T,2025,15102.59
344397,PENDENTE_ENRIQUECIMENTO,3T,2025,208189861.07
344788,PENDENTE_ENRIQUECIMENTO,3T,2025,249899.63
346276,PENDENTE_ENRIQUECIMENTO,3T,2025,281979418.32
346951,PENDENTE_ENRIQUECIMENTO,3T,2025,276715.91
348520,PENDENTE_ENRIQUECIMENTO,3T,2025,10088115.46
328031,PENDENTE_ENRIQUECIMENTO,3T,2025,152023.79
331651,PENDENTE_ENRIQUECIMENTO,3T,2025,94162532.64
331988,PENDENTE_ENRIQUECIMENTO,3T,2025,7627499.29
333808,PENDENTE_ENRIQUECIMENTO,3T,2025,2832.96
335100,PENDENTE_ENRIQUECIMENTO,3T,2025,28391911.76
337374,PENDENTE_ENRIQUECIMENTO,3T,2025,3118788.58
339954,PENDENTE_ENRIQUECIMENTO,3T,2025,12727670.74
340251,PENDENTE_ENRIQUECIMENTO,3T,2025,66871408.93
342955,PENDENTE_ENRIQUECIMENTO,3T,2025,7043594.88
344885,PENDENTE_ENRIQUECIMENTO,3T,2025,1138561.41
345318,PENDENTE_ENRIQUECIMENTO,3T,2025,80548.09
326755,PENDENTE_ENRIQUECIMENTO,3T,2025,419847.64
327468,PENDENTE_ENRIQUECIMENTO,3T,2025,2225890.76
328537,PENDENTE_ENRIQUECIMENTO,3T,2025,65816.48
329665,PENDENTE_ENRIQUECIMENTO,3T,2025,28904651.15
330108,PENDENTE_ENRIQUECIMENTO,3T,2025,13198865.26
330281,PENDENTE_ENRIQUECIMENTO,3T,2025,199064.04
331104,PENDENTE_ENRIQUECIMENTO,3T,2025,244808.27
333051,PENDENTE_ENRIQUECIMENTO,3T,2025,7883310.58
335215,PENDENTE_ENRIQUECIMENTO,3T,2025,38143.57
336017,PENDENTE_ENRIQUECIMENTO,3T,2025,424959.01
337668,PENDENTE_ENRIQUECIMENTO,3T,2025,2636097.25
342157,PENDENTE_ENRIQUECIMENTO,3T,2025,1082308.59
342343,PENDENTE_ENRIQUECIMENTO,3T,2025,36940.98
342611,PENDENTE_ENRIQUECIMENTO,3T,2025,5383.38
343463,PENDENTE_ENRIQUECIMENTO,3T,2025,4010172.43
344729,PENDENTE_ENRIQUECIMENTO,3T,2025,415369.87
345598,PENDENTE_ENRIQUECIMENTO,3T,2025,1982299.54
346209,PENDENTE_ENRIQUECIMENTO,3T,2025,699490.87
347655,PENDENTE_ENRIQUECIMENTO,3T,2025,107782983.42
325082,PENDENTE_ENRIQUECIMENTO,3T,2025,131755.17
329355,PENDENTE_ENRIQUECIMENTO,3T,2025,12115.0
331341,PENDENTE_ENRIQUECIMENTO,3T,2025,420601.26
333875,PENDENTE_ENRIQUECIMENTO,3T,2025,27615.0
334243,PENDENTE_ENRIQUECIMENTO,3T,2025,22500.0
335592,PENDENTE_ENRIQUECIMENTO,3T,2025,6795633.87
336467,PENDENTE_ENRIQUECIMENTO,3T,2025,162074.05
337498,PENDENTE_ENRIQUECIMENTO,3T,2025,1277554.04
338346,PENDENTE_ENRIQUECIMENTO,3T,2025,328.86
340162,PENDENTE_ENRIQUECIMENTO,3T,2025,49440.56
340782,PENDENTE_ENRIQUECIMENTO,3T,2025,11871891.51
341941,PENDENTE_ENRIQUECIMENTO,3T,2025,32552889.78
343056,PENDENTE_ENRIQUECIMENTO,3T,2025,6759822.48
343684,PENDENTE_ENRIQUECIMENTO,3T,2025,0.66
369411,PENDENTE_ENRIQUECIMENTO,3T,2025,362212.42
370568,PENDENTE_ENRIQUECIMENTO,3T,2025,24293.51
370681,PENDENTE_ENRIQUECIMENTO,3T,2025,2808.78
371106,PENDENTE_ENRIQUECIMENTO,3T,2025,1009812.29
371564,PENDENTE_ENRIQUECIMENTO,3T,2025,991532.79
371777,PENDENTE_ENRIQUECIMENTO,3T,2025,7554001.12
372609,PENDENTE_ENRIQUECIMENTO,3T,2025,67109663.22
373109,PENDENTE_ENRIQUECIMENTO,3T,2025,1515.96
349682,PENDENTE_ENRIQUECIMENTO,3T,2025,626923.8
349712,PENDENTE_ENRIQUECIMENTO,3T,2025,11310851.18
350141,PENDENTE_ENRIQUECIMENTO,3T,2025,3897381.04
350346,PENDENTE_ENRIQUECIMENTO,3T,2025,15522.33
350770,PENDENTE_ENRIQUECIMENTO,3T,2025,592.96
351407,PENDENTE_ENRIQUECIMENTO,3T,2025,3014590.03
352331,PENDENTE_ENRIQUECIMENTO,3T,2025,33518.01
352501,PENDENTE_ENRIQUECIMENTO,3T,2025,815525.64
352543,PENDENTE_ENRIQUECIMENTO,3T,2025,124038.44
352683,PENDENTE_ENRIQUECIMENTO,3T,2025,288374.32
353027,PENDENTE_ENRIQUECIMENTO,3T,2025,785298.19
353060,PENDENTE_ENRIQUECIMENTO,3T,2025,74680.5
353663,PENDENTE_ENRIQUECIMENTO,3T,2025,12532038.09
353698,PENDENTE_ENRIQUECIMENTO,3T,2025,281109.56
354031,PENDENTE_ENRIQUECIMENTO,3T,2025,894525.32
354279,PENDENTE_ENRIQUECIMENTO,3T,2025,9158746.85
354325,PENDENTE_ENRIQUECIMENTO,3T,2025,5869.43
354619,PENDENTE_ENRIQUECIMENTO,3T,2025,13052708.16
354783,PENDENTE_ENRIQUECIMENTO,3T,2025,1944434.57
354996,PENDENTE_ENRIQUECIMENTO,3T,2025,186605.44
355691,PENDENTE_ENRIQUECIMENTO,3T,2025,4740695.81
356123,PENDENTE_ENRIQUECIMENTO,3T,2025,52052.92
356417,PENDENTE_ENRIQUECIMENTO,3T,2025,868736.27
357022,PENDENTE_ENRIQUECIMENTO,3T,2025,514047.22
357260,PENDENTE_ENRIQUECIMENTO,3T,2025,1648280.17
357391,PENDENTE_ENRIQUECIMENTO,3T,2025,1735167131.46
357669,PENDENTE_ENRIQUECIMENTO,3T,2025,38409.59
358088,PENDENTE_ENRIQUECIMENTO,3T,2025,1466379.65
358096,PENDENTE_ENRIQUECIMENTO,3T,2025,255020.93
358436,PENDENTE_ENRIQUECIMENTO,3T,2025,2234240.61
359017,PENDENTE_ENRIQUECIMENTO,3T,2025,35806381.43
359661,PENDENTE_ENRIQUECIMENTO,3T,2025,11806347.75
360244,PENDENTE_ENRIQUECIMENTO,3T,2025,503113.49
360449,PENDENTE_ENRIQUECIMENTO,3T,2025,757757.99
360783,PENDENTE_ENRIQUECIMENTO,3T,2025,11976030.32
361461,PENDENTE_ENRIQUECIMENTO,3T,2025,71688618.85
361615,PENDENTE_ENRIQUECIMENTO,3T,2025,97014772.57
362140,PENDENTE_ENRIQUECIMENTO,3T,2025,191546285.05
362832,PENDENTE_ENRIQUECIMENTO,3T,2025,85770.38
363391,PENDENTE_ENRIQUECIMENTO,3T,2025,687674.4
364312,PENDENTE_ENRIQUECIMENTO,3T,2025,359344545.27
364592,PENDENTE_ENRIQUECIMENTO,3T,2025,599787.43
365238,PENDENTE_ENRIQUECIMENTO,3T,2025,119573.85
365645,PENDENTE_ENRIQUECIMENTO,3T,2025,8631.31
366064,PENDENTE_ENRIQUECIMENTO,3T,2025,65447738.89
366439,PENDENTE_ENRIQUECIMENTO,3T,2025,392351.99
366561,PENDENTE_ENRIQUECIMENTO,3T,2025,5736351.91
367087,PENDENTE_ENRIQUECIMENTO,3T,2025,168908.21
368253,PENDENTE_ENRIQUECIMENTO,3T,2025,76665.95
369292,PENDENTE_ENRIQUECIMENTO,3T,2025,348170637.93
369659,PENDENTE_ENRIQUECIMENTO,3T,2025,10845846.71
370070,PENDENTE_ENRIQUECIMENTO,3T,2025,466570827.3
370711,PENDENTE_ENRIQUECIMENTO,3T,2025,7890.08
379280,PENDENTE_ENRIQUECIMENTO,3T,2025,479982.55
350648,PENDENTE_ENRIQUECIMENTO,3T,2025,39865530.92
352519,PENDENTE_ENRIQUECIMENTO,3T,2025,369622.37
353876,PENDENTE_ENRIQUECIMENTO,3T,2025,352310.67
354066,PENDENTE_ENRIQUECIMENTO,3T,2025,6954938.73
354627,PENDENTE_ENRIQUECIMENTO,3T,2025,1366476.52
355097,PENDENTE_ENRIQUECIMENTO,3T,2025,135091.57
355577,PENDENTE_ENRIQUECIMENTO,3T,2025,75939038.93
358754,PENDENTE_ENRIQUECIMENTO,3T,2025,276917.96
359033,PENDENTE_ENRIQUECIMENTO,3T,2025,80645.64
365777,PENDENTE_ENRIQUECIMENTO,3T,2025,2075244.91
367613,PENDENTE_ENRIQUECIMENTO,3T,2025,12081716.57
417840,PENDENTE_ENRIQUECIMENTO,3T,2025,25994.47
418021,PENDENTE_ENRIQUECIMENTO,3T,2025,3257484.0
418170,PENDENTE_ENRIQUECIMENTO,3T,2025,345078503.48
418374,PENDENTE_ENRIQUECIMENTO,3T,2025,155349.86
418587,PENDENTE_ENRIQUECIMENTO,3T,2025,13242.16
418731,PENDENTE_ENRIQUECIMENTO,3T,2025,1645319.15
418820,PENDENTE_ENRIQUECIMENTO,3T,2025,267155.06
419010,PENDENTE_ENRIQUECIMENTO,3T,2025,13348.38
419125,PENDENTE_ENRIQUECIMENTO,3T,2025,39910.13
419133,PENDENTE_ENRIQUECIMENTO,3T,2025,36458743.22
419249,PENDENTE_ENRIQUECIMENTO,3T,2025,1060336.74
419257,PENDENTE_ENRIQUECIMENTO,3T,2025,2377519.18
379956,PENDENTE_ENRIQUECIMENTO,3T,2025,2175443600.09
382540,PENDENTE_ENRIQUECIMENTO,3T,2025,340194001.03
382876,PENDENTE_ENRIQUECIMENTO,3T,2025,276922115.25
384577,PENDENTE_ENRIQUECIMENTO,3T,2025,6198277.05
385255,PENDENTE_ENRIQUECIMENTO,3T,2025,115426707.23
385697,PENDENTE_ENRIQUECIMENTO,3T,2025,39080.04
386596,PENDENTE_ENRIQUECIMENTO,3T,2025,123939455.68
389358,PENDENTE_ENRIQUECIMENTO,3T,2025,581428.77
392804,PENDENTE_ENRIQUECIMENTO,3T,2025,610187.75
397245,PENDENTE_ENRIQUECIMENTO,3T,2025,2577428.96
402001,PENDENTE_ENRIQUECIMENTO,3T,2025,12857451.97
404241,PENDENTE_ENRIQUECIMENTO,3T,2025,17808.58
406481,PENDENTE_ENRIQUECIMENTO,3T,2025,94180.89
406813,PENDENTE_ENRIQUECIMENTO,3T,2025,1172.3
407224,PENDENTE_ENRIQUECIMENTO,3T,2025,1921811.51
408093,PENDENTE_ENRIQUECIMENTO,3T,2025,56970.18
409286,PENDENTE_ENRIQUECIMENTO,3T,2025,99065.42
409791,PENDENTE_ENRIQUECIMENTO,3T,2025,11018.36
410110,PENDENTE_ENRIQUECIMENTO,3T,2025,693759.77
410624,PENDENTE_ENRIQUECIMENTO,3T,2025,741933.93
411752,PENDENTE_ENRIQUECIMENTO,3T,2025,4748854.69
412252,PENDENTE_ENRIQUECIMENTO,3T,2025,27890445.6
413160,PENDENTE_ENRIQUECIMENTO,3T,2025,140203.23
413372,PENDENTE_ENRIQUECIMENTO,3T,2025,771258.5
413551,PENDENTE_ENRIQUECIMENTO,3T,2025,31334.99
414212,PENDENTE_ENRIQUECIMENTO,3T,2025,123629.53
414310,PENDENTE_ENRIQUECIMENTO,3T,2025,3111756.25
414492,PENDENTE_ENRIQUECIMENTO,3T,2025,391444.27
414654,PENDENTE_ENRIQUECIMENTO,3T,2025,29143356.54
414905,PENDENTE_ENRIQUECIMENTO,3T,2025,59997882.85
415065,PENDENTE_ENRIQUECIMENTO,3T,2025,82450.61
415626,PENDENTE_ENRIQUECIMENTO,3T,2025,50180.69
415693,PENDENTE_ENRIQUECIMENTO,3T,2025,66637.81
415944,PENDENTE_ENRIQUECIMENTO,3T,2025,61729.86
416401,PENDENTE_ENRIQUECIMENTO,3T,2025,753990.2
416495,PENDENTE_ENRIQUECIMENTO,3T,2025,4464473.08
416690,PENDENTE_ENRIQUECIMENTO,3T,2025,201589.3
417050,PENDENTE_ENRIQUECIMENTO,3T,2025,72026.4
417173,PENDENTE_ENRIQUECIMENTO,3T,2025,640659093.29
417491,PENDENTE_ENRIQUECIMENTO,3T,2025,44057.48
417530,PENDENTE_ENRIQUECIMENTO,3T,2025,10125.31
417548,PENDENTE_ENRIQUECIMENTO,3T,2025,2009519.2
417661,PENDENTE_ENRIQUECIMENTO,3T,2025,2808.57
417815,PENDENTE_ENRIQUECIMENTO,3T,2025,154513.47
418919,PENDENTE_ENRIQUECIMENTO,3T,2025,2222148.04
384704,PENDENTE_ENRIQUECIMENTO,3T,2025,27275.43
406937,PENDENTE_ENRIQUECIMENTO,3T,2025,13390535.19
411809,PENDENTE_ENRIQUECIMENTO,3T,2025,635094.06
413721,PENDENTE_ENRIQUECIMENTO,3T,2025,668313.83
414662,PENDENTE_ENRIQUECIMENTO,3T,2025,227323.99
415081,PENDENTE_ENRIQUECIMENTO,3T,2025,56980.97
416410,PENDENTE_ENRIQUECIMENTO,3T,2025,1784.6
416738,PENDENTE_ENRIQUECIMENTO,3T,2025,8463.0
417092,PENDENTE_ENRIQUECIMENTO,3T,2025,348019.32
417301,PENDENTE_ENRIQUECIMENTO,3T,2025,34505977.31
417696,PENDENTE_ENRIQUECIMENTO,3T,2025,789.65
417831,PENDENTE_ENRIQUECIMENTO,3T,2025,29960.03
417947,PENDENTE_ENRIQUECIMENTO,3T,2025,117735014.7
418072,PENDENTE_ENRIQUECIMENTO,3T,2025,27344.94
418218,PENDENTE_ENRIQUECIMENTO,3T,2025,3226.36
418226,PENDENTE_ENRIQUECIMENTO,3T,2025,9250.22
418501,PENDENTE_ENRIQUECIMENTO,3T,2025,79.11
418617,PENDENTE_ENRIQUECIMENTO,3T,2025,4273856.5
418749,PENDENTE_ENRIQUECIMENTO,3T,2025,93488.25
418803,PENDENTE_ENRIQUECIMENTO,3T,2025,1192413.95
419052,PENDENTE_ENRIQUECIMENTO,3T,2025,95054.6
419141,PENDENTE_ENRIQUECIMENTO,3T,2025,2865839.85
380661,PENDENTE_ENRIQUECIMENTO,3T,2025,2027424.29
382639,PENDENTE_ENRIQUECIMENTO,3T,2025,42012.19
386901,PENDENTE_ENRIQUECIMENTO,3T,2025,1131818.18
389854,PENDENTE_ENRIQUECIMENTO,3T,2025,1320910.26
394734,PENDENTE_ENRIQUECIMENTO,3T,2025,256842.1
401081,PENDENTE_ENRIQUECIMENTO,3T,2025,79972854.22
402966,PENDENTE_ENRIQUECIMENTO,3T,2025,18469462.69
407569,PENDENTE_ENRIQUECIMENTO,3T,2025,23715.0
408522,PENDENTE_ENRIQUECIMENTO,3T,2025,277969.45
409413,PENDENTE_ENRIQUECIMENTO,3T,2025,97797.24
410128,PENDENTE_ENRIQUECIMENTO,3T,2025,20357.64
411248,PENDENTE_ENRIQUECIMENTO,3T,2025,111560.78
411256,PENDENTE_ENRIQUECIMENTO,3T,2025,495215.58
411868,PENDENTE_ENRIQUECIMENTO,3T,2025,9882334.76
412635,PENDENTE_ENRIQUECIMENTO,3T,2025,1585.55
413283,PENDENTE_ENRIQUECIMENTO,3T,2025,10977.87
413518,PENDENTE_ENRIQUECIMENTO,3T,2025,28593.56
413747,PENDENTE_ENRIQUECIMENTO,3T,2025,26402.49
414026,PENDENTE_ENRIQUECIMENTO,3T,2025,19848.06
414352,PENDENTE_ENRIQUECIMENTO,3T,2025,1391965.47
414573,PENDENTE_ENRIQUECIMENTO,3T,2025,5339574.9
414930,PENDENTE_ENRIQUECIMENTO,3T,2025,753920.71
415111,PENDENTE_ENRIQUECIMENTO,3T,2025,219827.5
415774,PENDENTE_ENRIQUECIMENTO,3T,2025,154769304.52
415987,PENDENTE_ENRIQUECIMENTO,3T,2025,238759.72
416428,PENDENTE_ENRIQUECIMENTO,3T,2025,1811603.02
416568,PENDENTE_ENRIQUECIMENTO,3T,2025,458148.43
417220,PENDENTE_ENRIQUECIMENTO,3T,2025,3045678.77
417289,PENDENTE_ENRIQUECIMENTO,3T,2025,8553.82
417424,PENDENTE_ENRIQUECIMENTO,3T,2025,2583109.6
417599,PENDENTE_ENRIQUECIMENTO,3T,2025,148986.7
417718,PENDENTE_ENRIQUECIMENTO,3T,2025,43376246.21
418129,PENDENTE_ENRIQUECIMENTO,3T,2025,2750.01
418960,PENDENTE_ENRIQUECIMENTO,3T,2025,37310631.68
381144,PENDENTE_ENRIQUECIMENTO,3T,2025,10624.05
382655,PENDENTE_ENRIQUECIMENTO,3T,2025,763078.62
386588,PENDENTE_ENRIQUECIMENTO,3T,2025,8151479.32
390259,PENDENTE_ENRIQUECIMENTO,3T,2025,69320.61
401480,PENDENTE_ENRIQUECIMENTO,3T,2025,40232.47
406554,PENDENTE_ENRIQUECIMENTO,3T,2025,357964464.17
406945,PENDENTE_ENRIQUECIMENTO,3T,2025,833979.92
410292,PENDENTE_ENRIQUECIMENTO,3T,2025,12501.45
414689,PENDENTE_ENRIQUECIMENTO,3T,2025,5669.2
415014,PENDENTE_ENRIQUECIMENTO,3T,2025,767537.81
415243,PENDENTE_ENRIQUECIMENTO,3T,2025,235.73
416398,PENDENTE_ENRIQUECIMENTO,3T,2025,5012.61
416789,PENDENTE_ENRIQUECIMENTO,3T,2025,9796255.5
417122,PENDENTE_ENRIQUECIMENTO,3T,2025,3833965.39
418595,PENDENTE_ENRIQUECIMENTO,3T,2025,875592.93
419028,PENDENTE_ENRIQUECIMENTO,3T,2025,4480593.35
393533,PENDENTE_ENRIQUECIMENTO,3T,2025,6428712.12
402206,PENDENTE_ENRIQUECIMENTO,3T,2025,3348237.77
407534,PENDENTE_ENRIQUECIMENTO,3T,2025,3755401.48
408263,PENDENTE_ENRIQUECIMENTO,3T,2025,8589736.54
409405,PENDENTE_ENRIQUECIMENTO,3T,2025,3544494.02
410888,PENDENTE_ENRIQUECIMENTO,3T,2025,26674888.23
412295,PENDENTE_ENRIQUECIMENTO,3T,2025,54418176.18
413267,PENDENTE_ENRIQUECIMENTO,3T,2025,6083.23
413429,PENDENTE_ENRIQUECIMENTO,3T,2025,24655054.43
416525,PENDENTE_ENRIQUECIMENTO,3T,2025,1377032.88
417106,PENDENTE_ENRIQUECIMENTO,3T,2025,6156127.46
417211,PENDENTE_ENRIQUECIMENTO,3T,2025,670679.75
418137,PENDENTE_ENRIQUECIMENTO,3T,2025,1842205.2
418285,PENDENTE_ENRIQUECIMENTO,3T,2025,27155503.09
418552,PENDENTE_ENRIQUECIMENTO,3T,2025,344947.87
418692,PENDENTE_ENRIQUECIMENTO,3T,2025,214587.12
418986,PENDENTE_ENRIQUECIMENTO,3T,2025,18079.71
418994,PENDENTE_ENRIQUECIMENTO,3T,2025,42370.33
419079,PENDENTE_ENRIQUECIMENTO,3T,2025,69.07
419095,PENDENTE_ENRIQUECIMENTO,3T,2025,6590.94
419150,PENDENTE_ENRIQUECIMENTO,3T,2025,6270027.65
419281,PENDENTE_ENRIQUECIMENTO,3T,2025,10206896.87
382281,PENDENTE_ENRIQUECIMENTO,3T,2025,616045.18
385620,PENDENTE_ENRIQUECIMENTO,3T,2025,60743263.62
388092,PENDENTE_ENRIQUECIMENTO,3T,2025,12598339.32
395480,PENDENTE_ENRIQUECIMENTO,3T,2025,400250.41
403962,PENDENTE_ENRIQUECIMENTO,3T,2025,289699.03
406635,PENDENTE_ENRIQUECIMENTO,3T,2025,47007.06
406805,PENDENTE_ENRIQUECIMENTO,3T,2025,10593.29
407011,PENDENTE_ENRIQUECIMENTO,3T,2025,146.54
408026,PENDENTE_ENRIQUECIMENTO,3T,2025,3260.49
409243,PENDENTE_ENRIQUECIMENTO,3T,2025,1088708.53
409634,PENDENTE_ENRIQUECIMENTO,3T,2025,133343.61
410608,PENDENTE_ENRIQUECIMENTO,3T,2025,3583.29
411582,PENDENTE_ENRIQUECIMENTO,3T,2025,155140.97
412058,PENDENTE_ENRIQUECIMENTO,3T,2025,27758529.16
412759,PENDENTE_ENRIQUECIMENTO,3T,2025,77677.56
413330,PENDENTE_ENRIQUECIMENTO,3T,2025,33366.83
413534,PENDENTE_ENRIQUECIMENTO,3T,2025,1106705249.32
414204,PENDENTE_ENRIQUECIMENTO,3T,2025,4337687.51
414387,PENDENTE_ENRIQUECIMENTO,3T,2025,2454682.8
414581,PENDENTE_ENRIQUECIMENTO,3T,2025,179977249.4
414701,PENDENTE_ENRIQUECIMENTO,3T,2025,100917.81
415910,PENDENTE_ENRIQUECIMENTO,3T,2025,2440172.17
416584,PENDENTE_ENRIQUECIMENTO,3T,2025,6718.98
416801,PENDENTE_ENRIQUECIMENTO,3T,2025,2387241.38
417165,PENDENTE_ENRIQUECIMENTO,3T,2025,521822.04
417297,PENDENTE_ENRIQUECIMENTO,3T,2025,86485215.24
417475,PENDENTE_ENRIQUECIMENTO,3T,2025,79472.78
417505,PENDENTE_ENRIQUECIMENTO,3T,2025,116106.79
417602,PENDENTE_ENRIQUECIMENTO,3T,2025,1690.6
417611,PENDENTE_ENRIQUECIMENTO,3T,2025,38173.11
418706,PENDENTE_ENRIQUECIMENTO,3T,2025,1736966.52
408034,PENDENTE_ENRIQUECIMENTO,3T,2025,240562.64
412996,PENDENTE_ENRIQUECIMENTO,3T,2025,684722.18
415936,PENDENTE_ENRIQUECIMENTO,3T,2025,10985.07
417955,PENDENTE_ENRIQUECIMENTO,3T,2025,63086226.18
418528,PENDENTE_ENRIQUECIMENTO,3T,2025,125946.33
418650,PENDENTE_ENRIQUECIMENTO,3T,2025,109292.49
387185,PENDENTE_ENRIQUECIMENTO,3T,2025,1122876.09
408794,PENDENTE_ENRIQUECIMENTO,3T,2025,1253143.08
412015,PENDENTE_ENRIQUECIMENTO,3T,2025,27109.09
415901,PENDENTE_ENRIQUECIMENTO,3T,2025,7275.2
417131,PENDENTE_ENRIQUECIMENTO,3T,2025,140193.82
417459,PENDENTE_ENRIQUECIMENTO,3T,2025,3344450.11
418536,PENDENTE_ENRIQUECIMENTO,3T,2025,80273.29
417751,PENDENTE_ENRIQUECIMENTO,3T,2025,84748.45
368555,PENDENTE_ENRIQUECIMENTO,3T,2025,26169.47
368920,PENDENTE_ENRIQUECIMENTO,3T,2025,1489313.07
370088,PENDENTE_ENRIQUECIMENTO,3T,2025,161459.97
370975,PENDENTE_ENRIQUECIMENTO,3T,2025,48903267.11
371254,PENDENTE_ENRIQUECIMENTO,3T,2025,306850.44
371629,PENDENTE_ENRIQUECIMENTO,3T,2025,9038622.24
372561,PENDENTE_ENRIQUECIMENTO,3T,2025,5306.0
378216,PENDENTE_ENRIQUECIMENTO,3T,2025,4007.48
348830,PENDENTE_ENRIQUECIMENTO,3T,2025,66993398.56
350249,PENDENTE_ENRIQUECIMENTO,3T,2025,751739.71
350371,PENDENTE_ENRIQUECIMENTO,3T,2025,94924.15
351202,PENDENTE_ENRIQUECIMENTO,3T,2025,803543445.13
351776,PENDENTE_ENRIQUECIMENTO,3T,2025,50439.72
352179,PENDENTE_ENRIQUECIMENTO,3T,2025,181964.62
353264,PENDENTE_ENRIQUECIMENTO,3T,2025,29872172.99
354295,PENDENTE_ENRIQUECIMENTO,3T,2025,17523643.16
354562,PENDENTE_ENRIQUECIMENTO,3T,2025,437810.19
354678,PENDENTE_ENRIQUECIMENTO,3T,2025,358519.37
355151,PENDENTE_ENRIQUECIMENTO,3T,2025,220144.05
355593,PENDENTE_ENRIQUECIMENTO,3T,2025,505067.56
356581,PENDENTE_ENRIQUECIMENTO,3T,2025,479479.35
357511,PENDENTE_ENRIQUECIMENTO,3T,2025,11883250.35
357715,PENDENTE_ENRIQUECIMENTO,3T,2025,2963.22
358282,PENDENTE_ENRIQUECIMENTO,3T,2025,12482230.65
359122,PENDENTE_ENRIQUECIMENTO,3T,2025,591285.11
359777,PENDENTE_ENRIQUECIMENTO,3T,2025,7668076.17
361593,PENDENTE_ENRIQUECIMENTO,3T,2025,135422.44
361941,PENDENTE_ENRIQUECIMENTO,3T,2025,236584.82
362573,PENDENTE_ENRIQUECIMENTO,3T,2025,38699.48
363286,PENDENTE_ENRIQUECIMENTO,3T,2025,382927.01
364584,PENDENTE_ENRIQUECIMENTO,3T,2025,541718413.42
364860,PENDENTE_ENRIQUECIMENTO,3T,2025,198044251.1
365785,PENDENTE_ENRIQUECIMENTO,3T,2025,1206.87
366340,PENDENTE_ENRIQUECIMENTO,3T,2025,80260311.98
367397,PENDENTE_ENRIQUECIMENTO,3T,2025,71573.1
368148,PENDENTE_ENRIQUECIMENTO,3T,2025,1073527.06
350494,PENDENTE_ENRIQUECIMENTO,3T,2025,3146590.14
352314,PENDENTE_ENRIQUECIMENTO,3T,2025,4015244.21
353353,PENDENTE_ENRIQUECIMENTO,3T,2025,443201.47
355721,PENDENTE_ENRIQUECIMENTO,3T,2025,834805285.43
361011,PENDENTE_ENRIQUECIMENTO,3T,2025,3341655.46
364070,PENDENTE_ENRIQUECIMENTO,3T,2025,35885447.16
365530,PENDENTE_ENRIQUECIMENTO,3T,2025,46544569.21
370592,PENDENTE_ENRIQUECIMENTO,3T,2025,361344.39
352586,PENDENTE_ENRIQUECIMENTO,3T,2025,1889.04
354511,PENDENTE_ENRIQUECIMENTO,3T,2025,95461.54
356476,PENDENTE_ENRIQUECIMENTO,3T,2025,23658.11
360414,PENDENTE_ENRIQUECIMENTO,3T,2025,650140.53
361569,PENDENTE_ENRIQUECIMENTO,3T,2025,235598.38
367095,PENDENTE_ENRIQUECIMENTO,3T,2025,939594.17
374440,PENDENTE_ENRIQUECIMENTO,3T,2025,73117541.76
363189,PENDENTE_ENRIQUECIMENTO,3T,2025,96658.28
363855,PENDENTE_ENRIQUECIMENTO,3T,2025,909213.92
350699,PENDENTE_ENRIQUECIMENTO,3T,2025,4908.76
358339,PENDENTE_ENRIQUECIMENTO,3T,2025,18736.66
357138,PENDENTE_ENRIQUECIMENTO,3T,2025,575615.73
358053,PENDENTE_ENRIQUECIMENTO,3T,2025,91183.36
345091,PENDENTE_ENRIQUECIMENTO,3T,2025,95864777.33
345741,PENDENTE_ENRIQUECIMENTO,3T,2025,91160059.92
346659,PENDENTE_ENRIQUECIMENTO,3T,2025,6706704881.56
347108,PENDENTE_ENRIQUECIMENTO,3T,2025,3603417.8
347825,PENDENTE_ENRIQUECIMENTO,3T,2025,2456.01
348180,PENDENTE_ENRIQUECIMENTO,3T,2025,439196693.88
348261,PENDENTE_ENRIQUECIMENTO,3T,2025,2693294.23
326500,PENDENTE_ENRIQUECIMENTO,3T,2025,88.02
327417,PENDENTE_ENRIQUECIMENTO,3T,2025,41413555.47
327638,PENDENTE_ENRIQUECIMENTO,3T,2025,500413.91
328294,PENDENTE_ENRIQUECIMENTO,3T,2025,110629639.75
328375,PENDENTE_ENRIQUECIMENTO,3T,2025,46266.05
330264,PENDENTE_ENRIQUECIMENTO,3T,2025,23331461.88
330892,PENDENTE_ENRIQUECIMENTO,3T,2025,762365.93
333662,PENDENTE_ENRIQUECIMENTO,3T,2025,180436820.06
333867,PENDENTE_ENRIQUECIMENTO,3T,2025,149617.67
335517,PENDENTE_ENRIQUECIMENTO,3T,2025,13888.0
335789,PENDENTE_ENRIQUECIMENTO,3T,2025,50.27
336858,PENDENTE_ENRIQUECIMENTO,3T,2025,1856978.0
341819,PENDENTE_ENRIQUECIMENTO,3T,2025,111496.46
342131,PENDENTE_ENRIQUECIMENTO,3T,2025,75460515.98
342556,PENDENTE_ENRIQUECIMENTO,3T,2025,1279129.99
343153,PENDENTE_ENRIQUECIMENTO,3T,2025,22346815.52
343404,PENDENTE_ENRIQUECIMENTO,3T,2025,12585.38
343731,PENDENTE_ENRIQUECIMENTO,3T,2025,5042888.74
344362,PENDENTE_ENRIQUECIMENTO,3T,2025,812244.08
335258,PENDENTE_ENRIQUECIMENTO,3T,2025,28276806.99
347604,PENDENTE_ENRIQUECIMENTO,3T,2025,277984.31
347795,PENDENTE_ENRIQUECIMENTO,3T,2025,10705473.77
325465,PENDENTE_ENRIQUECIMENTO,3T,2025,46734.71
330809,PENDENTE_ENRIQUECIMENTO,3T,2025,72920929.66
335754,PENDENTE_ENRIQUECIMENTO,3T,2025,593164.65
343331,PENDENTE_ENRIQUECIMENTO,3T,2025,68683418.5
344451,PENDENTE_ENRIQUECIMENTO,3T,2025,80014.48
346004,PENDENTE_ENRIQUECIMENTO,3T,2025,24717693.98
327328,PENDENTE_ENRIQUECIMENTO,3T,2025,8389.0
335657,PENDENTE_ENRIQUECIMENTO,3T,2025,96739.58
339458,PENDENTE_ENRIQUECIMENTO,3T,2025,1564.98
343129,PENDENTE_ENRIQUECIMENTO,3T,2025,26252705.65
344184,PENDENTE_ENRIQUECIMENTO,3T,2025,4391965.68
000515,PENDENTE_ENRIQUECIMENTO,3T,2025,4974536.27
000582,PENDENTE_ENRIQUECIMENTO,3T,2025,7863434.78
006246,PENDENTE_ENRIQUECIMENTO,3T,2025,104156916.92
300136,PENDENTE_ENRIQUECIMENTO,3T,2025,1244386.03
300713,PENDENTE_ENRIQUECIMENTO,3T,2025,1682875.86
300870,PENDENTE_ENRIQUECIMENTO,3T,2025,988276.66
301060,PENDENTE_ENRIQUECIMENTO,3T,2025,160664.22
301124,PENDENTE_ENRIQUECIMENTO,3T,2025,31433.22
302147,PENDENTE_ENRIQUECIMENTO,3T,2025,23888389.03
302228,PENDENTE_ENRIQUECIMENTO,3T,2025,30899.3
301574,PENDENTE_ENRIQUECIMENTO,3T,2025,111452.04
301728,PENDENTE_ENRIQUECIMENTO,3T,2025,1656048.68
000701,PENDENTE_ENRIQUECIMENTO,3T,2025,4722619667.71
000884,PENDENTE_ENRIQUECIMENTO,3T,2025,3540.57
005711,PENDENTE_ENRIQUECIMENTO,3T,2025,7287467.08
300730,PENDENTE_ENRIQUECIMENTO,3T,2025,6687025.37
301744,PENDENTE_ENRIQUECIMENTO,3T,2025,2015408.62
301949,PENDENTE_ENRIQUECIMENTO,3T,2025,1086393.36
321125,PENDENTE_ENRIQUECIMENTO,3T,2025,23857185.46
321931,PENDENTE_ENRIQUECIMENTO,3T,2025,54474717.12
322571,PENDENTE_ENRIQUECIMENTO,3T,2025,2089234.98
323004,PENDENTE_ENRIQUECIMENTO,3T,2025,77280.11
323080,PENDENTE_ENRIQUECIMENTO,3T,2025,19111522.22
323357,PENDENTE_ENRIQUECIMENTO,3T,2025,13819415.07
323993,PENDENTE_ENRIQUECIMENTO,3T,2025,1744058.31
324175,PENDENTE_ENRIQUECIMENTO,3T,2025,12706.11
324345,PENDENTE_ENRIQUECIMENTO,3T,2025,103881.25
324493,PENDENTE_ENRIQUECIMENTO,3T,2025,8605000.84
302953,PENDENTE_ENRIQUECIMENTO,3T,2025,1123643.24
303267,PENDENTE_ENRIQUECIMENTO,3T,2025,962111.79
303356,PENDENTE_ENRIQUECIMENTO,3T,2025,158877.36
303844,PENDENTE_ENRIQUECIMENTO,3T,2025,11483881.35
304051,PENDENTE_ENRIQUECIMENTO,3T,2025,1239579.04
304123,PENDENTE_ENRIQUECIMENTO,3T,2025,538095.07
304344,PENDENTE_ENRIQUECIMENTO,3T,2025,23575.53
304468,PENDENTE_ENRIQUECIMENTO,3T,2025,2428302.3
304531,PENDENTE_ENRIQUECIMENTO,3T,2025,46272.84
304883,PENDENTE_ENRIQUECIMENTO,3T,2025,229972135.32
305472,PENDENTE_ENRIQUECIMENTO,3T,2025,147235.96
305626,PENDENTE_ENRIQUECIMENTO,3T,2025,719390.78
306100,PENDENTE_ENRIQUECIMENTO,3T,2025,1549.9
306126,PENDENTE_ENRIQUECIMENTO,3T,2025,39034.18
306398,PENDENTE_ENRIQUECIMENTO,3T,2025,583784463.63
306762,PENDENTE_ENRIQUECIMENTO,3T,2025,174354802.54
306886,PENDENTE_ENRIQUECIMENTO,3T,2025,582992.81
307319,PENDENTE_ENRIQUECIMENTO,3T,2025,5916465.93
308811,PENDENTE_ENRIQUECIMENTO,3T,2025,666258.41
309222,PENDENTE_ENRIQUECIMENTO,3T,2025,2048606769.97
309907,PENDENTE_ENRIQUECIMENTO,3T,2025,428.0
310239,PENDENTE_ENRIQUECIMENTO,3T,2025,23666120.29
310522,PENDENTE_ENRIQUECIMENTO,3T,2025,13915839.35
311146,PENDENTE_ENRIQUECIMENTO,3T,2025,68142881.38
311375,PENDENTE_ENRIQUECIMENTO,3T,2025,485168.39
311472,PENDENTE_ENRIQUECIMENTO,3T,2025,161478.31
311715,PENDENTE_ENRIQUECIMENTO,3T,2025,143209761.41
311944,PENDENTE_ENRIQUECIMENTO,3T,2025,2548.84
312126,PENDENTE_ENRIQUECIMENTO,3T,2025,1819722877.24
312363,PENDENTE_ENRIQUECIMENTO,3T,2025,1379512.33
312720,PENDENTE_ENRIQUECIMENTO,3T,2025,1937647.37
313084,PENDENTE_ENRIQUECIMENTO,3T,2025,386503.01
313475,PENDENTE_ENRIQUECIMENTO,3T,2025,57975.57
314242,PENDENTE_ENRIQUECIMENTO,3T,2025,51262.28
314587,PENDENTE_ENRIQUECIMENTO,3T,2025,378193.04
314781,PENDENTE_ENRIQUECIMENTO,3T,2025,24173.75
315265,PENDENTE_ENRIQUECIMENTO,3T,2025,173187.91
315583,PENDENTE_ENRIQUECIMENTO,3T,2025,2719380.01
315729,PENDENTE_ENRIQUECIMENTO,3T,2025,589967859.8
315796,PENDENTE_ENRIQUECIMENTO,3T,2025,88425.97
316148,PENDENTE_ENRIQUECIMENTO,3T,2025,558531.58
316873,PENDENTE_ENRIQUECIMENTO,3T,2025,13137.0
317012,PENDENTE_ENRIQUECIMENTO,3T,2025,3056529.83
317144,PENDENTE_ENRIQUECIMENTO,3T,2025,715471.43
317896,PENDENTE_ENRIQUECIMENTO,3T,2025,115034.98
318213,PENDENTE_ENRIQUECIMENTO,3T,2025,74390.56
318388,PENDENTE_ENRIQUECIMENTO,3T,2025,926598.27
318566,PENDENTE_ENRIQUECIMENTO,3T,2025,139400339.21
319180,PENDENTE_ENRIQUECIMENTO,3T,2025,73855.37
319708,PENDENTE_ENRIQUECIMENTO,3T,2025,286723845.91
319996,PENDENTE_ENRIQUECIMENTO,3T,2025,3305185.66
320706,PENDENTE_ENRIQUECIMENTO,3T,2025,2563992.81
320838,PENDENTE_ENRIQUECIMENTO,3T,2025,15032526.01
320897,PENDENTE_ENRIQUECIMENTO,3T,2025,5170015.32
321958,PENDENTE_ENRIQUECIMENTO,3T,2025,256840.82
303623,PENDENTE_ENRIQUECIMENTO,3T,2025,382067.97
304701,PENDENTE_ENRIQUECIMENTO,3T,2025,37290585.12
311618,PENDENTE_ENRIQUECIMENTO,3T,2025,1150256.15
312851,PENDENTE_ENRIQUECIMENTO,3T,2025,786840569.88
313149,PENDENTE_ENRIQUECIMENTO,3T,2025,563881.42
314099,PENDENTE_ENRIQUECIMENTO,3T,2025,195663445.45
315478,PENDENTE_ENRIQUECIMENTO,3T,2025,993059.2
316881,PENDENTE_ENRIQUECIMENTO,3T,2025,4850581.41
318035,PENDENTE_ENRIQUECIMENTO,3T,2025,2144360.78
319384,PENDENTE_ENRIQUECIMENTO,3T,2025,1755165.18
320251,PENDENTE_ENRIQUECIMENTO,3T,2025,7806729.37
321087,PENDENTE_ENRIQUECIMENTO,3T,2025,56238836.57
321338,PENDENTE_ENRIQUECIMENTO,3T,2025,1638894.53
322890,PENDENTE_ENRIQUECIMENTO,3T,2025,137535.69
323055,PENDENTE_ENRIQUECIMENTO,3T,2025,463064.86
323942,PENDENTE_ENRIQUECIMENTO,3T,2025,1581920.16
324159,PENDENTE_ENRIQUECIMENTO,3T,2025,102079.56
324299,PENDENTE_ENRIQUECIMENTO,3T,2025,176043.71
324477,PENDENTE_ENRIQUECIMENTO,3T,2025,276193.93
302627,PENDENTE_ENRIQUECIMENTO,3T,2025,36831074.42
303178,PENDENTE_ENRIQUECIMENTO,3T,2025,94866438.02
304212,PENDENTE_ENRIQUECIMENTO,3T,2025,26189217.77
304395,PENDENTE_ENRIQUECIMENTO,3T,2025,164844.04
304484,PENDENTE_ENRIQUECIMENTO,3T,2025,115819.93
305421,PENDENTE_ENRIQUECIMENTO,3T,2025,21165.12
309087,PENDENTE_ENRIQUECIMENTO,3T,2025,9941.74
310247,PENDENTE_ENRIQUECIMENTO,3T,2025,339663211.37
311057,PENDENTE_ENRIQUECIMENTO,3T,2025,1000343.18
311359,PENDENTE_ENRIQUECIMENTO,3T,2025,286883.36
311391,PENDENTE_ENRIQUECIMENTO,3T,2025,66354.03
311847,PENDENTE_ENRIQUECIMENTO,3T,2025,5461184.53
312347,PENDENTE_ENRIQUECIMENTO,3T,2025,145547831.63
312592,PENDENTE_ENRIQUECIMENTO,3T,2025,979027.52
313211,PENDENTE_ENRIQUECIMENTO,3T,2025,406064.32
313971,PENDENTE_ENRIQUECIMENTO,3T,2025,374595.09
314366,PENDENTE_ENRIQUECIMENTO,3T,2025,76638.61
314706,PENDENTE_ENRIQUECIMENTO,3T,2025,178375.68
315567,PENDENTE_ENRIQUECIMENTO,3T,2025,94765.82
316849,PENDENTE_ENRIQUECIMENTO,3T,2025,3213.41
316997,PENDENTE_ENRIQUECIMENTO,3T,2025,8309813.74
318477,PENDENTE_ENRIQUECIMENTO,3T,2025,176340.06
320510,PENDENTE_ENRIQUECIMENTO,3T,2025,28035241.73
320820,PENDENTE_ENRIQUECIMENTO,3T,2025,6402889.27
304441,PENDENTE_ENRIQUECIMENTO,3T,2025,2559433.75
321320,PENDENTE_ENRIQUECIMENTO,3T,2025,23873666.95
322326,PENDENTE_ENRIQUECIMENTO,3T,2025,80913088.69
323268,PENDENTE_ENRIQUECIMENTO,3T,2025,4984335.67
323926,PENDENTE_ENRIQUECIMENTO,3T,2025,1669411.36
303739,PENDENTE_ENRIQUECIMENTO,3T,2025,367734.02
304131,PENDENTE_ENRIQUECIMENTO,3T,2025,555229.26
305227,PENDENTE_ENRIQUECIMENTO,3T,2025,7880.23
306754,PENDENTE_ENRIQUECIMENTO,3T,2025,8906.28
309524,PENDENTE_ENRIQUECIMENTO,3T,2025,285.83
311961,PENDENTE_ENRIQUECIMENTO,3T,2025,222148.7
314218,PENDENTE_ENRIQUECIMENTO,3T,2025,89854461.11
314315,PENDENTE_ENRIQUECIMENTO,3T,2025,1973.81
314668,PENDENTE_ENRIQUECIMENTO,3T,2025,13703638.23
315044,PENDENTE_ENRIQUECIMENTO,3T,2025,104174623.96
315494,PENDENTE_ENRIQUECIMENTO,3T,2025,1241348.21
315648,PENDENTE_ENRIQUECIMENTO,3T,2025,38482.67
316458,PENDENTE_ENRIQUECIMENTO,3T,2025,994198.88
317632,PENDENTE_ENRIQUECIMENTO,3T,2025,7200.0
319121,PENDENTE_ENRIQUECIMENTO,3T,2025,30183249.89
319422,PENDENTE_ENRIQUECIMENTO,3T,2025,281053858.08
419354,PENDENTE_ENRIQUECIMENTO,3T,2025,267253.68
419486,PENDENTE_ENRIQUECIMENTO,3T,2025,1679633.05
419591,PENDENTE_ENRIQUECIMENTO,3T,2025,6412855.63
419907,PENDENTE_ENRIQUECIMENTO,3T,2025,1554502.77
419958,PENDENTE_ENRIQUECIMENTO,3T,2025,23951.77
420077,PENDENTE_ENRIQUECIMENTO,3T,2025,553907721.11
420140,PENDENTE_ENRIQUECIMENTO,3T,2025,1026382.51
420158,PENDENTE_ENRIQUECIMENTO,3T,2025,3224653.43
420786,PENDENTE_ENRIQUECIMENTO,3T,2025,10.0
420981,PENDENTE_ENRIQUECIMENTO,3T,2025,77952.84
421146,PENDENTE_ENRIQUECIMENTO,3T,2025,526702.01
421189,PENDENTE_ENRIQUECIMENTO,3T,2025,2539.8
421197,PENDENTE_ENRIQUECIMENTO,3T,2025,1284127.57
421367,PENDENTE_ENRIQUECIMENTO,3T,2025,2860014.66
421634,PENDENTE_ENRIQUECIMENTO,3T,2025,345180.39
421731,PENDENTE_ENRIQUECIMENTO,3T,2025,53241982.47
421928,PENDENTE_ENRIQUECIMENTO,3T,2025,509107609.82
422088,PENDENTE_ENRIQUECIMENTO,3T,2025,1306178.74
422304,PENDENTE_ENRIQUECIMENTO,3T,2025,119145.07
422321,PENDENTE_ENRIQUECIMENTO,3T,2025,2648753.17
422371,PENDENTE_ENRIQUECIMENTO,3T,2025,153005.96
422576,PENDENTE_ENRIQUECIMENTO,3T,2025,323524.67
422681,PENDENTE_ENRIQUECIMENTO,3T,2025,2376295.03
422720,PENDENTE_ENRIQUECIMENTO,3T,2025,10897035.53
422771,PENDENTE_ENRIQUECIMENTO,3T,2025,246790.17
423262,PENDENTE_ENRIQUECIMENTO,3T,2025,1214132.06
423441,PENDENTE_ENRIQUECIMENTO,3T,2025,413791.57
423629,PENDENTE_ENRIQUECIMENTO,3T,2025,6118876.92
423785,PENDENTE_ENRIQUECIMENTO,3T,2025,2470296.24
423815,PENDENTE_ENRIQUECIMENTO,3T,2025,11264.22
424048,PENDENTE_ENRIQUECIMENTO,3T,2025,326710.43
424170,PENDENTE_ENRIQUECIMENTO,3T,2025,56.09
424421,PENDENTE_ENRIQUECIMENTO,3T,2025,4144.14
424439,PENDENTE_ENRIQUECIMENTO,3T,2025,5702.66
419389,PENDENTE_ENRIQUECIMENTO,3T,2025,61224.16
420816,PENDENTE_ENRIQUECIMENTO,3T,2025,26797.73
421006,PENDENTE_ENRIQUECIMENTO,3T,2025,622.24
421723,PENDENTE_ENRIQUECIMENTO,3T,2025,25947.08
422401,PENDENTE_ENRIQUECIMENTO,3T,2025,110949.84
422827,PENDENTE_ENRIQUECIMENTO,3T,2025,517358.02
423505,PENDENTE_ENRIQUECIMENTO,3T,2025,32473.52
423645,PENDENTE_ENRIQUECIMENTO,3T,2025,44043.86
423858,PENDENTE_ENRIQUECIMENTO,3T,2025,189807.82
424188,PENDENTE_ENRIQUECIMENTO,3T,2025,37752699.24
424463,PENDENTE_ENRIQUECIMENTO,3T,2025,4863.37
321273,PENDENTE_ENRIQUECIMENTO,3T,2025,9675078.28
324523,PENDENTE_ENRIQUECIMENTO,3T,2025,34395.0
303976,PENDENTE_ENRIQUECIMENTO,3T,2025,8103521.51
305928,PENDENTE_ENRIQUECIMENTO,3T,2025,113506.87
309028,PENDENTE_ENRIQUECIMENTO,3T,2025,135698.18
314251,PENDENTE_ENRIQUECIMENTO,3T,2025,102916.01
320862,PENDENTE_ENRIQUECIMENTO,3T,2025,2790929.91
321044,PENDENTE_ENRIQUECIMENTO,3T,2025,6165462.07
322831,PENDENTE_ENRIQUECIMENTO,3T,2025,6780.65
310981,PENDENTE_ENRIQUECIMENTO,3T,2025,367517.12
311294,PENDENTE_ENRIQUECIMENTO,3T,2025,510864.65
312282,PENDENTE_ENRIQUECIMENTO,3T,2025,747927.53
313751,PENDENTE_ENRIQUECIMENTO,3T,2025,2687872.41
317233,PENDENTE_ENRIQUECIMENTO,3T,2025,767681.88
324213,PENDENTE_ENRIQUECIMENTO,3T,2025,854616.06
324361,PENDENTE_ENRIQUECIMENTO,3T,2025,1484890.48
306045,PENDENTE_ENRIQUECIMENTO,3T,2025,50748252.91
307751,PENDENTE_ENRIQUECIMENTO,3T,2025,326333.63
316903,PENDENTE_ENRIQUECIMENTO,3T,2025,26564.86
319872,PENDENTE_ENRIQUECIMENTO,3T,2025,5713525.63
351270,PENDENTE_ENRIQUECIMENTO,3T,2025,36988.44
419290,PENDENTE_ENRIQUECIMENTO,3T,2025,153854.84
419443,PENDENTE_ENRIQUECIMENTO,3T,2025,29010936.73
419567,PENDENTE_ENRIQUECIMENTO,3T,2025,62570.16
419869,PENDENTE_ENRIQUECIMENTO,3T,2025,3991012.44
420123,PENDENTE_ENRIQUECIMENTO,3T,2025,32043.08
421359,PENDENTE_ENRIQUECIMENTO,3T,2025,1342.66
421618,PENDENTE_ENRIQUECIMENTO,3T,2025,2668.78
422070,PENDENTE_ENRIQUECIMENTO,3T,2025,57542446.27
422151,PENDENTE_ENRIQUECIMENTO,3T,2025,364277.04
422487,PENDENTE_ENRIQUECIMENTO,3T,2025,10637683.49
422959,PENDENTE_ENRIQUECIMENTO,3T,2025,63073.89
423203,PENDENTE_ENRIQUECIMENTO,3T,2025,5032217.95
423351,PENDENTE_ENRIQUECIMENTO,3T,2025,22971342.23
423432,PENDENTE_ENRIQUECIMENTO,3T,2025,2876198.93
423718,PENDENTE_ENRIQUECIMENTO,3T,2025,114237.5
423939,PENDENTE_ENRIQUECIMENTO,3T,2025,3.0
424129,PENDENTE_ENRIQUECIMENTO,3T,2025,133187770.79
424391,PENDENTE_ENRIQUECIMENTO,3T,2025,273727129.92
420841,PENDENTE_ENRIQUECIMENTO,3T,2025,26950.88
423777,PENDENTE_ENRIQUECIMENTO,3T,2025,321849.8
423912,PENDENTE_ENRIQUECIMENTO,3T,2025,8160.0
424013,PENDENTE_ENRIQUECIMENTO,3T,2025,524855.29
424528,PENDENTE_ENRIQUECIMENTO,3T,2025,72836.21
418030,PENDENTE_ENRIQUECIMENTO,3T,2025,2121006.94
418196,PENDENTE_ENRIQUECIMENTO,3T,2025,35438.24
419419,PENDENTE_ENRIQUECIMENTO,3T,2025,10526.36
419516,PENDENTE_ENRIQUECIMENTO,3T,2025,76041.04
419699,PENDENTE_ENRIQUECIMENTO,3T,2025,42304543.32
420085,PENDENTE_ENRIQUECIMENTO,3T,2025,1516878.14
421405,PENDENTE_ENRIQUECIMENTO,3T,2025,179357844.47
421642,PENDENTE_ENRIQUECIMENTO,3T,2025,54436.68
421740,PENDENTE_ENRIQUECIMENTO,3T,2025,11315197.97
421944,PENDENTE_ENRIQUECIMENTO,3T,2025,762941.84
422029,PENDENTE_ENRIQUECIMENTO,3T,2025,3525428.04
422339,PENDENTE_ENRIQUECIMENTO,3T,2025,74726.75
422398,PENDENTE_ENRIQUECIMENTO,3T,2025,109401506.89
422584,PENDENTE_ENRIQUECIMENTO,3T,2025,31512066.18
422746,PENDENTE_ENRIQUECIMENTO,3T,2025,778.59
422835,PENDENTE_ENRIQUECIMENTO,3T,2025,223141.31
423319,PENDENTE_ENRIQUECIMENTO,3T,2025,4542.83
423408,PENDENTE_ENRIQUECIMENTO,3T,2025,1088.94
423521,PENDENTE_ENRIQUECIMENTO,3T,2025,146140.0
419974,PENDENTE_ENRIQUECIMENTO,3T,2025,18480.0
420093,PENDENTE_ENRIQUECIMENTO,3T,2025,15075.32
420166,PENDENTE_ENRIQUECIMENTO,3T,2025,297663.03
421715,PENDENTE_ENRIQUECIMENTO,3T,2025,132944.13
422126,PENDENTE_ENRIQUECIMENTO,3T,2025,19038966.68
423041,PENDENTE_ENRIQUECIMENTO,3T,2025,2491802.7
423661,PENDENTE_ENRIQUECIMENTO,3T,2025,6946.0
423831,PENDENTE_ENRIQUECIMENTO,3T,2025,2.0
424161,PENDENTE_ENRIQUECIMENTO,3T,2025,76979.42
421375,PENDENTE_ENRIQUECIMENTO,3T,2025,97046.06
424145,PENDENTE_ENRIQUECIMENTO,3T,2025,88384.52
424480,PENDENTE_ENRIQUECIMENTO,3T,2025,1031961.66
422134,PENDENTE_ENRIQUECIMENTO,3T,2025,418912.99
423017,PENDENTE_ENRIQUECIMENTO,3T,2025,3105.0
423513,PENDENTE_ENRIQUECIMENTO,3T,2025,220326.37
424501,PENDENTE_ENRIQUECIMENTO,3T,2025,1250.0
424544,PENDENTE_ENRIQUECIMENTO,3T,2025,62207.46
419753,PENDENTE_ENRIQUECIMENTO,3T,2025,55910.63
421243,PENDENTE_ENRIQUECIMENTO,3T,2025,1466919.05
421341,PENDENTE_ENRIQUECIMENTO,3T,2025,449735.1
421421,PENDENTE_ENRIQUECIMENTO,3T,2025,41320.99
421758,PENDENTE_ENRIQUECIMENTO,3T,2025,72282.01
421766,PENDENTE_ENRIQUECIMENTO,3T,2025,3904.27
423106,PENDENTE_ENRIQUECIMENTO,3T,2025,680.0
423548,PENDENTE_ENRIQUECIMENTO,3T,2025,797133.95
420107,PENDENTE_ENRIQUECIMENTO,3T,2025,7125.84
422592,PENDENTE_ENRIQUECIMENTO,3T,2025,267990.52
422754,PENDENTE_ENRIQUECIMENTO,3T,2025,369520.37
423173,PENDENTE_ENRIQUECIMENTO,3T,2025,355423.34
423327,PENDENTE_ENRIQUECIMENTO,3T,2025,98025.25
424226,PENDENTE_ENRIQUECIMENTO,3T,2025,385011.24
419427,PENDENTE_ENRIQUECIMENTO,3T,2025,1771805.95
419851,PENDENTE_ENRIQUECIMENTO,3T,2025,9555354.49
420000,PENDENTE_ENRIQUECIMENTO,3T,2025,374621.69
420701,PENDENTE_ENRIQUECIMENTO,3T,2025,29138131.66
420930,PENDENTE_ENRIQUECIMENTO,3T,2025,2705731.9
421561,PENDENTE_ENRIQUECIMENTO,3T,2025,2207903.53
421871,PENDENTE_ENRIQUECIMENTO,3T,2025,10847241.41
422355,PENDENTE_ENRIQUECIMENTO,3T,2025,7851453.38
422479,PENDENTE_ENRIQUECIMENTO,3T,2025,1948.6
422657,PENDENTE_ENRIQUECIMENTO,3T,2025,24000.0
422762,PENDENTE_ENRIQUECIMENTO,3T,2025,224217.69
423181,PENDENTE_ENRIQUECIMENTO,3T,2025,260.0
423335,PENDENTE_ENRIQUECIMENTO,3T,2025,102660.04
423572,PENDENTE_ENRIQUECIMENTO,3T,2025,5486485.52
424625,PENDENTE_ENRIQUECIMENTO,3T,2025,186.12
424633,PENDENTE_ENRIQUECIMENTO,3T,2025,121.41
423921,PENDENTE_ENRIQUECIMENTO,3T,2025,701.45
419524,PENDENTE_ENRIQUECIMENTO,3T,2025,4200.76
420271,PENDENTE_ENRIQUECIMENTO,3T,2025,19248345.5
420859,PENDENTE_ENRIQUECIMENTO,3T,2025,154587.52
421154,PENDENTE_ENRIQUECIMENTO,3T,2025,63057245.9
422053,PENDENTE_ENRIQUECIMENTO,3T,2025,16292567.12
422631,PENDENTE_ENRIQUECIMENTO,3T,2025,6808663.9
422941,PENDENTE_ENRIQUECIMENTO,3T,2025,2175171.81
423564,PENDENTE_ENRIQUECIMENTO,3T,2025,5339.98
423700,PENDENTE_ENRIQUECIMENTO,3T,2025,75181.63
424285,PENDENTE_ENRIQUECIMENTO,3T,2025,20273.49
424331,PENDENTE_ENRIQUECIMENTO,3T,2025,3.0
424366,PENDENTE_ENRIQUECIMENTO,3T,2025,164884.39
424561,PENDENTE_ENRIQUECIMENTO,3T,2025,75.35
424609,PENDENTE_ENRIQUECIMENTO,3T,2025,158.13
422860,PENDENTE_ENRIQUECIMENTO,3T,2025,93531.95
424234,PENDENTE_ENRIQUECIMENTO,3T,2025,28406.09
423882,PENDENTE_ENRIQUECIMENTO,3T,2025,1051.27
